sample,target_PVR,PVR_WU,hb,vc_ml,tau_eq,pao2,shunt,reserve,viscosity,SaO2,SvO2,SaO2_healthy,SvO2_healthy,SaO2_not_lower,SvO2_lower,dSaO2,dSvO2
0,3.0,3.0000000000000013,13.712351561820803,67.99062511746985,0.48009912987385206,91.545703372182,0.06887249829979838,52.07599239894668,3.0196025478598645,0.8899243298054527,0.5862445811331101,0.8800540342399189,0.6187383749839938,True,True,0.00987029556553376,-0.03249379385088369
0,4.19,4.19,13.712351561820803,67.99062511746985,0.48009912987385206,91.545703372182,0.06887249829979838,52.07599239894668,3.0196025478598645,0.8968541555653856,0.5801166799822213,0.8800540342399189,0.6187383749839938,True,True,0.01680012132546671,-0.03862169500177248
0,6.0,6.0,13.712351561820803,67.99062511746985,0.48009912987385206,91.545703372182,0.06887249829979838,52.07599239894668,3.0196025478598645,0.9058261919299917,0.5732953235286922,0.8800540342399189,0.6187383749839938,True,True,0.025772157690072794,-0.045443051455301586
0,10.0,9.999999999999996,13.712351561820803,67.99062511746985,0.48009912987385206,91.545703372182,0.06887249829979838,52.07599239894668,3.0196025478598645,0.920853699854842,0.5733824357770986,0.8800540342399189,0.6187383749839938,True,True,0.0407996656149231,-0.04535593920689518
1,3.0,3.0000000000000013,15.789914642700895,99.461995075636,0.30655820483599644,101.05737608351987,0.07358031240656174,46.375160146115014,3.8536314431062095,0.9504158110026313,0.6800285229140494,0.9511425684632002,0.7218498923579194,False,True,-0.0007267574605689386,-0.04182136944387005
1,4.19,4.19,15.789914642700895,99.461995075636,0.30655820483599644,101.05737608351987,0.07358031240656174,46.375160146115014,3.8536314431062095,0.9494462289146296,0.6523588258868275,0.9511425684632002,0.7218498923579194,False,True,-0.0016963395485706245,-0.06949106647109193
1,6.0,6.0,15.789914642700895,99.461995075636,0.30655820483599644,101.05737608351987,0.07358031240656174,46.375160146115014,3.8536314431062095,0.9483565371640772,0.6222146169444408,0.9511425684632002,0.7218498923579194,False,True,-0.0027860312991230263,-0.09963527541347861
1,10.0,9.999999999999995,15.789914642700895,99.461995075636,0.30655820483599644,101.05737608351987,0.07358031240656174,46.375160146115014,3.8536314431062095,0.9473969145505091,0.5945237310668201,0.9511425684632002,0.7218498923579194,False,True,-0.003745653912691105,-0.1273261612910993
2,3.0,3.0,13.386781574282677,77.36215192501291,0.5510153769751988,84.8275938503728,0.06536530712202798,41.355650353598655,2.694152336170882,0.8846299938528462,0.5744813497749108,0.8694467846661611,0.6060011272706495,True,True,0.015183209186685143,-0.03151977749573864
2,4.19,4.189999999999999,13.386781574282677,77.36215192501291,0.5510153769751988,84.8275938503728,0.06536530712202798,41.355650353598655,2.694152336170882,0.8928796651109187,0.5681678328855533,0.8694467846661611,0.6060011272706495,True,True,0.023432880444757553,-0.037833294385096194
2,6.0,6.000000000000002,13.386781574282677,77.36215192501291,0.5510153769751988,84.8275938503728,0.06536530712202798,41.355650353598655,2.694152336170882,0.9036182721956463,0.5656834083922047,0.8694467846661611,0.6060011272706495,True,True,0.03417148752948518,-0.04031771887844482
2,10.0,9.999999999999998,13.386781574282677,77.36215192501291,0.5510153769751988,84.8275938503728,0.06536530712202798,41.355650353598655,2.694152336170882,0.9189583195226657,0.5684273388878699,0.8694467846661611,0.6060011272706495,True,True,0.04951153485650461,-0.03757378838277958
3,3.0,2.999999999999999,17.377599648013437,51.26935129569522,0.19670744560964762,97.41865366689676,0.0465028581231793,54.50370039612048,2.5618500879321595,0.9522325415440769,0.7113955859455092,0.9501643507216073,0.7482981944802152,True,True,0.002068190822469562,-0.03690260853470595
3,4.19,4.190000000000001,17.377599648013437,51.26935129569522,0.19670744560964762,97.41865366689676,0.0465028581231793,54.50370039612048,2.5618500879321595,0.9528151027583023,0.6910896640172389,0.9501643507216073,0.7482981944802152,True,True,0.002650752036694959,-0.05720853046297625
3,6.0,6.0,17.377599648013437,51.26935129569522,0.19670744560964762,97.41865366689676,0.0465028581231793,54.50370039612048,2.5618500879321595,0.9531616476109336,0.6595990293849886,0.9501643507216073,0.7482981944802152,True,True,0.002997296889326262,-0.08869916509522657
3,10.0,9.999999999999998,17.377599648013437,51.26935129569522,0.19670744560964762,97.41865366689676,0.0465028581231793,54.50370039612048,2.5618500879321595,0.9535965186346332,0.6151354369465836,0.9501643507216073,0.7482981944802152,True,True,0.0034321679130259186,-0.1331627575336316
4,3.0,2.9999999999999996,17.34856882783805,79.01681010786744,0.5809284182321754,81.26831331070363,0.04196805945083657,58.619909497234886,3.288589693598099,0.895481009183518,0.653840031166575,0.8887231244619321,0.6800755151272976,True,True,0.006757884721585894,-0.026235483960722616
4,4.19,4.1899999999999995,17.34856882783805,79.01681010786744,0.5809284182321754,81.26831331070363,0.04196805945083657,58.619909497234886,3.288589693598099,0.8989968236313046,0.6377806219469115,0.8887231244619321,0.6800755151272976,True,True,0.010273699169372486,-0.04229489318038604
4,6.0,5.999999999999999,17.34856882783805,79.01681010786744,0.5809284182321754,81.26831331070363,0.04196805945083657,58.619909497234886,3.288589693598099,0.9037828390226225,0.6133004994759051,0.8887231244619321,0.6800755151272976,True,True,0.01505971456069033,-0.06677501565139243
4,10.0,10.000000000000004,17.34856882783805,79.01681010786744,0.5809284182321754,81.26831331070363,0.04196805945083657,58.619909497234886,3.288589693598099,0.9148436812094405,0.5861656346090568,0.8887231244619321,0.6800755151272976,True,True,0.02612055674750835,-0.09390988051824078
5,3.0,3.0000000000000004,12.190101518034258,48.58407074158523,0.19802681592184812,96.21816685149004,0.038087407092354544,50.30606898103049,2.674336509928362,0.9457930097689299,0.6168431922929604,0.9402053010442374,0.6524636897697401,True,True,0.005587708724692497,-0.035620497476779756
5,4.19,4.190000000000001,12.190101518034258,48.58407074158523,0.19802681592184812,96.21816685149004,0.038087407092354544,50.30606898103049,2.674336509928362,0.9482912748862902,0.6065643318709135,0.9402053010442374,0.6524636897697401,True,True,0.008085973842052785,-0.0458993578988266
5,6.0,6.000000000000001,12.190101518034258,48.58407074158523,0.19802681592184812,96.21816685149004,0.038087407092354544,50.30606898103049,2.674336509928362,0.9511913177206519,0.5980353238286704,0.9402053010442374,0.6524636897697401,True,True,0.010986016676414523,-0.0544283659410697
5,10.0,10.000000000000002,12.190101518034258,48.58407074158523,0.19802681592184812,96.21816685149004,0.038087407092354544,50.30606898103049,2.674336509928362,0.9546757456232186,0.5930499660353742,0.9402053010442374,0.6524636897697401,True,True,0.014470444578981168,-0.05941372373436593
6,3.0,2.999999999999999,15.579818827849328,106.67423930054704,0.4685402744983165,101.2548068020892,0.044438100881792356,49.733038397786366,4.244497635864215,0.9490477170655641,0.6773918407068018,0.9461487926781832,0.7108450290751624,True,True,0.00289892438738093,-0.03345318836836064
6,4.19,4.190000000000002,15.579818827849328,106.67423930054704,0.4685402744983165,101.2548068020892,0.044438100881792356,49.733038397786366,4.244497635864215,0.9504354815555349,0.6535420930843083,0.9461487926781832,0.7108450290751624,True,True,0.00428668887735173,-0.05730293599085412
6,6.0,5.999999999999999,15.579818827849328,106.67423930054704,0.4685402744983165,101.2548068020892,0.044438100881792356,49.733038397786366,4.244497635864215,0.9523777838228038,0.6266382681357707,0.9461487926781832,0.7108450290751624,True,True,0.00622899114462061,-0.08420676093939172
6,10.0,9.999999999999996,15.579818827849328,106.67423930054704,0.4685402744983165,101.2548068020892,0.044438100881792356,49.733038397786366,4.244497635864215,0.9555372328774067,0.6008171187352682,0.9461487926781832,0.7108450290751624,True,True,0.009388440199223469,-0.11002791033989423
7,3.0,3.0,12.215392781775297,150.13400834266793,0.4437776038276824,88.47265555892511,0.024049057603063636,58.33879349644329,2.8153957072765836,0.9511641511664483,0.6245235715776419,0.9494551459433612,0.6608391590097944,True,True,0.0017090052230870345,-0.03631558743215246
7,4.19,4.189999999999999,12.215392781775297,150.13400834266793,0.4437776038276824,88.47265555892511,0.024049057603063636,58.33879349644329,2.8153957072765836,0.951875812145271,0.613130397493664,0.9494551459433612,0.6608391590097944,True,True,0.002420666201909727,-0.04770876151613035
7,6.0,6.000000000000003,12.215392781775297,150.13400834266793,0.4437776038276824,88.47265555892511,0.024049057603063636,58.33879349644329,2.8153957072765836,0.9526053021712113,0.6015443234784907,0.9494551459433612,0.6608391590097944,True,True,0.003150156227850087,-0.05929483553130366
7,10.0,10.000000000000005,12.215392781775297,150.13400834266793,0.4437776038276824,88.47265555892511,0.024049057603063636,58.33879349644329,2.8153957072765836,0.9534274925904319,0.594267391581644,0.9494551459433612,0.6608391590097944,True,True,0.00397234664707069,-0.06657176742815041
8,3.0,2.9999999999999987,14.213712285861698,78.04565095466835,0.16125247018536837,82.9987564641837,0.068454079228643,42.10128054475992,3.8307152573764602,0.9335933470838415,0.6294582662724423,0.9364262092699536,0.6811228592776603,False,True,-0.0028328621861121173,-0.051664593005217974
8,4.19,4.1899999999999995,14.213712285861698,78.04565095466835,0.16125247018536837,82.9987564641837,0.068454079228643,42.10128054475992,3.8307152573764602,0.932435945368967,0.609145780742909,0.9364262092699536,0.6811228592776603,False,True,-0.003990263900986557,-0.07197707853475122
8,6.0,6.000000000000001,14.213712285861698,78.04565095466835,0.16125247018536837,82.9987564641837,0.068454079228643,42.10128054475992,3.8307152573764602,0.9313495956665185,0.5906789427833042,0.9364262092699536,0.6811228592776603,False,True,-0.005076613603435032,-0.09044391649435601
8,10.0,9.999999999999998,14.213712285861698,78.04565095466835,0.16125247018536837,82.9987564641837,0.068454079228643,42.10128054475992,3.8307152573764602,0.9306047743730673,0.5783430331463794,0.9364262092699536,0.6811228592776603,False,True,-0.005821434896886246,-0.1027798261312809
9,3.0,3.0000000000000013,17.12102356878939,44.12096991423902,0.5459213355703573,107.31014783647515,0.07149072239409786,56.429913603662534,3.6835880907144753,0.8273277544745955,0.580356341141717,0.8180888181476137,0.60376613793709,True,True,0.009238936326981806,-0.023409796795373028
9,4.19,4.190000000000001,17.12102356878939,44.12096991423902,0.5459213355703573,107.31014783647515,0.07149072239409786,56.429913603662534,3.6835880907144753,0.8329434087586312,0.565717879607565,0.8180888181476137,0.60376613793709,True,True,0.01485459061101746,-0.038048258329524964
9,6.0,6.000000000000001,17.12102356878939,44.12096991423902,0.5459213355703573,107.31014783647515,0.07149072239409786,56.429913603662534,3.6835880907144753,0.8442145936113776,0.5535096419148379,0.8180888181476137,0.60376613793709,True,True,0.026125775463763934,-0.05025649602225213
9,10.0,10.000000000000002,17.12102356878939,44.12096991423902,0.5459213355703573,107.31014783647515,0.07149072239409786,56.429913603662534,3.6835880907144753,0.8707992975296968,0.5495615291106216,0.8180888181476137,0.60376613793709,True,True,0.052710479382083064,-0.05420460882646838
10,3.0,3.0,15.685785358886884,131.65366405264177,0.21602103956917268,106.96450857592492,0.06439181520811711,52.19113373272725,3.8290642355725675,0.960622299721023,0.6935053500231599,0.962797459392118,0.7332506738288905,False,True,-0.0021751596710950505,-0.03974532380573059
10,4.19,4.190000000000001,15.685785358886884,131.65366405264177,0.21602103956917268,106.96450857592492,0.06439181520811711,52.19113373272725,3.8290642355725675,0.959164973443859,0.6677747584426719,0.962797459392118,0.7332506738288905,False,True,-0.0036324859482590455,-0.06547591538621866
10,6.0,6.0,15.685785358886884,131.65366405264177,0.21602103956917268,106.96450857592492,0.06439181520811711,52.19113373272725,3.8290642355725675,0.9572062101415818,0.6337156164354281,0.962797459392118,0.7332506738288905,False,True,-0.005591249250536223,-0.09953505739346247
10,10.0,9.999999999999998,15.685785358886884,131.65366405264177,0.21602103956917268,106.96450857592492,0.06439181520811711,52.19113373272725,3.8290642355725675,0.9554256057626828,0.6030642961635743,0.962797459392118,0.7332506738288905,False,True,-0.0073718536294352655,-0.13018637766531627
11,3.0,3.0,14.814493422334468,117.82536445508907,0.4915152806783095,92.17918414301967,0.02494821888095296,40.65646705669573,3.8801970006120996,0.9486152030891347,0.6551723161110122,0.9446304897162789,0.6997639746580836,True,True,0.003984713372855775,-0.04459165854707137
11,4.19,4.190000000000001,14.814493422334468,117.82536445508907,0.4915152806783095,92.17918414301967,0.02494821888095296,40.65646705669573,3.8801970006120996,0.9505322523343076,0.6297536685984237,0.9446304897162789,0.6997639746580836,True,True,0.005901762618028661,-0.07001030605965985
11,6.0,6.000000000000002,14.814493422334468,117.82536445508907,0.4915152806783095,92.17918414301967,0.02494821888095296,40.65646705669573,3.8801970006120996,0.9530846678869742,0.6111414866117432,0.9446304897162789,0.6997639746580836,True,True,0.00845417817069527,-0.08862248804634043
11,10.0,10.0,14.814493422334468,117.82536445508907,0.4915152806783095,92.17918414301967,0.02494821888095296,40.65646705669573,3.8801970006120996,0.9559493118127693,0.5970701265475068,0.9446304897162789,0.6997639746580836,True,True,0.011318822096490377,-0.1026938481105768
12,3.0,3.0,15.616274169255998,73.16584175272295,0.36427238888498015,89.50997575354269,0.05454836670365022,48.750635416449306,3.9439486288115715,0.9293421514492098,0.6563898950473842,0.9254956448304499,0.6914934425170909,True,True,0.0038465066187599595,-0.035103547469706675
12,4.19,4.190000000000001,15.616274169255998,73.16584175272295,0.36427238888498015,89.50997575354269,0.05454836670365022,48.750635416449306,3.9439486288115715,0.9312110332270271,0.6330924139731751,0.9254956448304499,0.6914934425170909,True,True,0.005715388396577259,-0.05840102854391582
12,6.0,6.0000000000000036,15.616274169255998,73.16584175272295,0.36427238888498015,89.50997575354269,0.05454836670365022,48.750635416449306,3.9439486288115715,0.9342533630749026,0.6105057251111644,0.9254956448304499,0.6914934425170909,True,True,0.008757718244452706,-0.08098771740592647
12,10.0,10.000000000000005,15.616274169255998,73.16584175272295,0.36427238888498015,89.50997575354269,0.05454836670365022,48.750635416449306,3.9439486288115715,0.9391875601458167,0.5890561412730382,0.9254956448304499,0.6914934425170909,True,True,0.013691915315366843,-0.1024373012440527
13,3.0,2.999999999999999,13.103508496800773,152.89365947924838,0.4167859115697983,103.60249431519486,0.036363919472505106,55.347852705542934,3.778166625182535,0.9623545154845002,0.6472977252991798,0.9621196528531255,0.6880676421298743,True,True,0.00023486263137473262,-0.04076991683069442
13,4.19,4.1899999999999995,13.103508496800773,152.89365947924838,0.4167859115697983,103.60249431519486,0.036363919472505106,55.347852705542934,3.778166625182535,0.9625598565307503,0.6319188245542604,0.9621196528531255,0.6880676421298743,True,True,0.000440203677624762,-0.05614881757561385
13,6.0,5.999999999999999,13.103508496800773,152.89365947924838,0.4167859115697983,103.60249431519486,0.036363919472505106,55.347852705542934,3.778166625182535,0.9627338972552125,0.6159026813472295,0.9621196528531255,0.6880676421298743,True,True,0.0006142444020870164,-0.07216496078264478
13,10.0,10.0,13.103508496800773,152.89365947924838,0.4167859115697983,103.60249431519486,0.036363919472505106,55.347852705542934,3.778166625182535,0.9629419306173351,0.6027999649636793,0.9621196528531255,0.6880676421298743,True,True,0.0008222777642096224,-0.08526767716619499
14,3.0,3.0,15.776031702599662,159.9010104341791,0.34370537512828225,102.6704141057235,0.03141352474274818,55.720427784995735,3.0421754322924954,0.9661914096163103,0.7033756387163845,0.9667499524889276,0.7434830680730863,False,True,-0.0005585428726172514,-0.04010742935670175
14,4.19,4.189999999999999,15.776031702599662,159.9010104341791,0.34370537512828225,102.6704141057235,0.03141352474274818,55.720427784995735,3.0421754322924954,0.9657243992154759,0.6802493252431936,0.9667499524889276,0.7434830680730863,False,True,-0.0010255532734516626,-0.06323374282989269
14,6.0,6.000000000000001,15.776031702599662,159.9010104341791,0.34370537512828225,102.6704141057235,0.03141352474274818,55.720427784995735,3.0421754322924954,0.9649532479566525,0.6468537966561321,0.9667499524889276,0.7434830680730863,False,True,-0.0017967045322750952,-0.09662927141695421
14,10.0,10.0,15.776031702599662,159.9010104341791,0.34370537512828225,102.6704141057235,0.03141352474274818,55.720427784995735,3.0421754322924954,0.9641543785257205,0.613665669088805,0.9667499524889276,0.7434830680730863,False,True,-0.0025955739632070873,-0.12981739898428124
15,3.0,3.000000000000001,14.692423750155022,123.61697338499607,0.18879726384724232,109.3103310725711,0.06395699307195883,55.61343673050343,4.1920849700754115,0.9614173623789541,0.6786747563255109,0.9634838656040975,0.7163953798279766,False,True,-0.0020665032251433457,-0.037720623502465744
15,4.19,4.19,14.692423750155022,123.61697338499607,0.18879726384724232,109.3103310725711,0.06395699307195883,55.61343673050343,4.1920849700754115,0.96000022600395,0.6534052829098698,0.9634838656040975,0.7163953798279766,False,True,-0.0034836396001475256,-0.06299009691810686
15,6.0,6.0,14.692423750155022,123.61697338499607,0.18879726384724232,109.3103310725711,0.06395699307195883,55.61343673050343,4.1920849700754115,0.9585669534996398,0.628084356407491,0.9634838656040975,0.7163953798279766,False,True,-0.00491691210445766,-0.08831102342048558
15,10.0,10.000000000000002,14.692423750155022,123.61697338499607,0.18879726384724232,109.3103310725711,0.06395699307195883,55.61343673050343,4.1920849700754115,0.9570567208020315,0.6016645875441003,0.9634838656040975,0.7163953798279766,False,True,-0.006427144802065965,-0.11473079228387628
16,3.0,2.9999999999999996,12.736401864469615,54.75828079304837,0.49238613048884095,85.2772361320943,0.05897415056826133,53.61134196351796,2.976978879791767,0.8498275963417873,0.5435168348895283,0.8295579141486109,0.5500916445013233,True,True,0.020269682193176375,-0.006574809611795018
16,4.19,4.190000000000002,12.736401864469615,54.75828079304837,0.49238613048884095,85.2772361320943,0.05897415056826133,53.61134196351796,2.976978879791767,0.8603495365047252,0.5435051470740145,0.8295579141486109,0.5500916445013233,True,True,0.030791622356114323,-0.006586497427308768
16,6.0,5.999999999999998,12.736401864469615,54.75828079304837,0.49238613048884095,85.2772361320943,0.05897415056826133,53.61134196351796,2.976978879791767,0.874576670903302,0.546738166148844,0.8295579141486109,0.5500916445013233,True,True,0.045018756754691136,-0.0033534783524793443
16,10.0,10.000000000000002,12.736401864469615,54.75828079304837,0.49238613048884095,85.2772361320943,0.05897415056826133,53.61134196351796,2.976978879791767,0.8976178208658256,0.555496048870506,0.8295579141486109,0.5500916445013233,True,False,0.06805990671721474,0.005404404369182658
17,3.0,3.0000000000000004,16.531737919556242,91.14066192141851,0.2876150866396291,94.94161387719926,0.06262033524264496,58.516250631597025,3.9012008094341306,0.9491182594552733,0.6978950332951009,0.9491877905604776,0.7295378785071319,False,True,-6.953110520435679e-05,-0.03164284521203098
17,4.19,4.19,16.531737919556242,91.14066192141851,0.2876150866396291,94.94161387719926,0.06262033524264496,58.516250631597025,3.9012008094341306,0.9487353518691853,0.6768461124111292,0.9491877905604776,0.7295378785071319,False,True,-0.00045243869129230063,-0.05269176609600268
17,6.0,6.0,16.531737919556242,91.14066192141851,0.2876150866396291,94.94161387719926,0.06262033524264496,58.516250631597025,3.9012008094341306,0.947808582100098,0.6449409644251177,0.9491877905604776,0.7295378785071319,False,True,-0.001379208460379644,-0.0845969140820142
17,10.0,10.000000000000007,16.531737919556242,91.14066192141851,0.2876150866396291,94.94161387719926,0.06262033524264496,58.516250631597025,3.9012008094341306,0.9466845577180882,0.6060083041616039,0.9491877905604776,0.7295378785071319,False,True,-0.0025032328423894024,-0.12352957434552803
18,3.0,3.0000000000000004,13.674159133565247,117.48169947429888,0.45084037851718994,83.45524065315479,0.031980273931463535,55.282890346553586,3.5889878670378224,0.937067880083218,0.6321011717251556,0.9343583351451532,0.6702971272045979,True,True,0.002709544938064745,-0.03819595547944232
18,4.19,4.189999999999998,13.674159133565247,117.48169947429888,0.45084037851718994,83.45524065315479,0.031980273931463535,55.282890346553586,3.5889878670378224,0.9386053523861828,0.616609155835753,0.9343583351451532,0.6702971272045979,True,True,0.004247017241029605,-0.053687971368844845
18,6.0,6.0000000000000036,13.674159133565247,117.48169947429888,0.45084037851718994,83.45524065315479,0.031980273931463535,55.282890346553586,3.5889878670378224,0.940507867541415,0.6017789536905488,0.9343583351451532,0.6702971272045979,True,True,0.006149532396261814,-0.0685181735140491
18,10.0,10.000000000000002,13.674159133565247,117.48169947429888,0.45084037851718994,83.45524065315479,0.031980273931463535,55.282890346553586,3.5889878670378224,0.9429770939826947,0.5894785668536447,0.9343583351451532,0.6702971272045979,True,True,0.008618758837541485,-0.08081856035095314
19,3.0,2.9999999999999987,14.701858895077077,100.38869173892186,0.47572496116682983,81.03434554310508,0.0675465043221042,53.01973201755172,4.364799469292806,0.9143989282734872,0.6269238910764676,0.911749936024743,0.6600330548209676,True,True,0.002648992248744264,-0.033109163744500014
19,4.19,4.190000000000001,14.701858895077077,100.38869173892186,0.47572496116682983,81.03434554310508,0.0675465043221042,53.01973201755172,4.364799469292806,0.9160683228139941,0.6069089328019979,0.911749936024743,0.6600330548209676,True,True,0.004318386789251116,-0.053124122018969766
19,6.0,5.999999999999998,14.701858895077077,100.38869173892186,0.47572496116682983,81.03434554310508,0.0675465043221042,53.01973201755172,4.364799469292806,0.9191602822541836,0.5922453431773207,0.911749936024743,0.6600330548209676,True,True,0.00741034622944059,-0.06778771164364694
19,10.0,9.999999999999996,14.701858895077077,100.38869173892186,0.47572496116682983,81.03434554310508,0.0675465043221042,53.01973201755172,4.364799469292806,0.9236979593709618,0.5776333165997475,0.911749936024743,0.6600330548209676,True,True,0.011948023346218806,-0.08239973822122015
20,3.0,3.0000000000000018,13.246589164792058,127.44475322045997,0.15598426510134397,92.89099839304261,0.06777488619693581,40.57111204233625,4.372010462857458,0.9451670675267893,0.6238944345813918,0.94804692155406,0.6703604815678409,False,True,-0.0028798540272707562,-0.04646604698644907
20,4.19,4.19,13.246589164792058,127.44475322045997,0.15598426510134397,92.89099839304261,0.06777488619693581,40.57111204233625,4.372010462857458,0.9441557746878996,0.6076670052086659,0.94804692155406,0.6703604815678409,False,True,-0.003891146866160433,-0.062693476359175
20,6.0,5.999999999999998,13.246589164792058,127.44475322045997,0.15598426510134397,92.89099839304261,0.06777488619693581,40.57111204233625,4.372010462857458,0.9432182055603834,0.5926657945883471,0.94804692155406,0.6703604815678409,False,True,-0.004828715993676624,-0.07769468697949378
20,10.0,10.000000000000005,13.246589164792058,127.44475322045997,0.15598426510134397,92.89099839304261,0.06777488619693581,40.57111204233625,4.372010462857458,0.9426751214533465,0.5839917790791596,0.94804692155406,0.6703604815678409,False,True,-0.005371800100713475,-0.08636870248868134
21,3.0,3.0000000000000013,14.224488191527147,96.40083633494378,0.27826269149456007,107.48301172341864,0.07866447791281178,52.62971375791655,4.48366060773805,0.9521263040815352,0.657186182174275,0.9532441566792401,0.6948831427270403,False,True,-0.0011178525977049159,-0.03769696055276528
21,4.19,4.190000000000001,14.224488191527147,96.40083633494378,0.27826269149456007,107.48301172341864,0.07866447791281178,52.62971375791655,4.48366060773805,0.9512023022585981,0.6329700463695507,0.9532441566792401,0.6948831427270403,False,True,-0.0020418544206419753,-0.06191309635748965
21,6.0,6.000000000000001,14.224488191527147,96.40083633494378,0.27826269149456007,107.48301172341864,0.07866447791281178,52.62971375791655,4.48366060773805,0.9507222725234653,0.6140946193435863,0.9532441566792401,0.6948831427270403,False,True,-0.0025218841557748117,-0.08078852338345399
21,10.0,10.000000000000002,14.224488191527147,96.40083633494378,0.27826269149456007,107.48301172341864,0.07866447791281178,52.62971375791655,4.48366060773805,0.9501842924237024,0.5951536613148087,0.9532441566792401,0.6948831427270403,False,True,-0.0030598642555377253,-0.09972948141223159
22,3.0,3.0,14.988096876589346,80.45634860671925,0.42569316779363864,80.32293154223319,0.029887727559862045,50.15295439625507,2.6598822134859503,0.9198137527385188,0.6360830155766408,0.9131838764300636,0.677469060250539,True,True,0.00662987630845524,-0.04138604467389817
22,4.19,4.190000000000002,14.988096876589346,80.45634860671925,0.42569316779363864,80.32293154223319,0.029887727559862045,50.15295439625507,2.6598822134859503,0.9227841908283162,0.6150712007963979,0.9131838764300636,0.677469060250539,True,True,0.009600314398252596,-0.062397859454141114
22,6.0,6.000000000000004,14.988096876589346,80.45634860671925,0.42569316779363864,80.32293154223319,0.029887727559862045,50.15295439625507,2.6598822134859503,0.9274718319601069,0.5999079545741608,0.9131838764300636,0.677469060250539,True,True,0.01428795553004325,-0.0775611056763782
22,10.0,10.000000000000002,14.988096876589346,80.45634860671925,0.42569316779363864,80.32293154223319,0.029887727559862045,50.15295439625507,2.6598822134859503,0.9342952423437839,0.5848454550178059,0.9131838764300636,0.677469060250539,True,True,0.021111365913720315,-0.09262360523273305
23,3.0,3.0,16.122527012239342,73.66982107976054,0.35878194833519617,103.26028865523595,0.036109829251617265,49.336695193655416,2.923254777243999,0.9488480640001481,0.6859768025807284,0.9438735538980444,0.7245072713272608,True,True,0.004974510102103702,-0.03853046874653243
23,4.19,4.19,16.122527012239342,73.66982107976054,0.35878194833519617,103.26028865523595,0.036109829251617265,49.336695193655416,2.923254777243999,0.9509140121228448,0.6635326213955964,0.9438735538980444,0.7245072713272608,True,True,0.007040458224800372,-0.06097464993166435
23,6.0,5.999999999999999,16.122527012239342,73.66982107976054,0.35878194833519617,103.26028865523595,0.036109829251617265,49.336695193655416,2.923254777243999,0.9534841386690199,0.6326615601873087,0.9438735538980444,0.7245072713272608,True,True,0.009610584770975539,-0.0918457111399521
23,10.0,10.000000000000004,16.122527012239342,73.66982107976054,0.35878194833519617,103.26028865523595,0.036109829251617265,49.336695193655416,2.923254777243999,0.9582247669401567,0.6058504770374904,0.9438735538980444,0.7245072713272608,True,True,0.014351213042112287,-0.11865679428977038
24,3.0,2.9999999999999996,15.249152004508407,171.89630468353448,0.1712695542852591,109.17637348691262,0.024588925751424753,55.826107734484445,2.967490471106821,0.9722690409939381,0.7015586242063137,0.9731325744423271,0.7437855814805878,False,True,-0.0008635334483890755,-0.04222695727427417
24,4.19,4.1899999999999995,15.249152004508407,171.89630468353448,0.1712695542852591,109.17637348691262,0.024588925751424753,55.826107734484445,2.967490471106821,0.9717770364660446,0.6776429352641486,0.9731325744423271,0.7437855814805878,False,True,-0.001355537976282517,-0.06614264621643917
24,6.0,6.0,15.249152004508407,171.89630468353448,0.1712695542852591,109.17637348691262,0.024588925751424753,55.826107734484445,2.967490471106821,0.9711137811536388,0.6455351255369068,0.9731325744423271,0.7437855814805878,False,True,-0.0020187932886883697,-0.09825045594368098
24,10.0,10.0,15.249152004508407,171.89630468353448,0.1712695542852591,109.17637348691262,0.024588925751424753,55.826107734484445,2.967490471106821,0.9704936683495222,0.6156449091067856,0.9731325744423271,0.7437855814805878,False,True,-0.002638906092804927,-0.12814067237380222
25,3.0,3.0,12.587879551963315,93.56448140741023,0.3869816186297319,95.10064000980174,0.032605314448001216,46.19599399551156,2.778274587847812,0.9466678181950058,0.620625158064828,0.9409633933924287,0.6622049364943053,True,True,0.005704424802577046,-0.041579778429477354
25,4.19,4.190000000000001,12.587879551963315,93.56448140741023,0.3869816186297319,95.10064000980174,0.032605314448001216,46.19599399551156,2.778274587847812,0.9492975826594159,0.6088449171039718,0.9409633933924287,0.6622049364943053,True,True,0.008334189266987146,-0.053360019390333524
25,6.0,5.999999999999998,12.587879551963315,93.56448140741023,0.3869816186297319,95.10064000980174,0.032605314448001216,46.19599399551156,2.778274587847812,0.9522851165252506,0.5989697311564001,0.9409633933924287,0.6622049364943053,True,True,0.01132172313282187,-0.06323520533790528
25,10.0,9.999999999999995,12.587879551963315,93.56448140741023,0.3869816186297319,95.10064000980174,0.032605314448001216,46.19599399551156,2.778274587847812,0.9557428841565669,0.5936262752484371,0.9409633933924287,0.6622049364943053,True,True,0.014779490764138203,-0.0685786612458682
26,3.0,3.000000000000001,12.10189838376744,145.42558800650255,0.34983895970846424,107.78959707706824,0.051712413122861955,48.92818616853363,2.5192790555525457,0.960949360435185,0.6289817777706712,0.9614832534139507,0.675628327855579,False,True,-0.0005338929787657154,-0.04664655008490781
26,4.19,4.19,12.10189838376744,145.42558800650255,0.34983895970846424,107.78959707706824,0.051712413122861955,48.92818616853363,2.5192790555525457,0.9608053440600355,0.6157859379244697,0.9614832534139507,0.675628327855579,False,True,-0.000677909353915207,-0.05984238993110935
26,6.0,6.000000000000002,12.10189838376744,145.42558800650255,0.34983895970846424,107.78959707706824,0.051712413122861955,48.92818616853363,2.5192790555525457,0.9606831890942193,0.6046651334366822,0.9614832534139507,0.675628327855579,False,True,-0.0008000643197313417,-0.07096319441889687
26,10.0,10.0,12.10189838376744,145.42558800650255,0.34983895970846424,107.78959707706824,0.051712413122861955,48.92818616853363,2.5192790555525457,0.9605922579662421,0.596809364136753,0.9614832534139507,0.675628327855579,False,True,-0.0008909954477085424,-0.07881896371882602
27,3.0,3.0000000000000004,14.026665453374864,102.09062177548611,0.16510258370458003,83.2239148236646,0.0658337612510297,46.59135092938821,3.911373225697391,0.9351051189874616,0.6311686923633291,0.9379300026296468,0.6786425940968625,False,True,-0.0028248836421851387,-0.047473901733533386
27,4.19,4.1899999999999995,14.026665453374864,102.09062177548611,0.16510258370458003,83.2239148236646,0.0658337612510297,46.59135092938821,3.911373225697391,0.9339169318354312,0.6115234893404952,0.9379300026296468,0.6786425940968625,False,True,-0.004013070794215534,-0.06711910475636729
27,6.0,6.000000000000001,14.026665453374864,102.09062177548611,0.16510258370458003,83.2239148236646,0.0658337612510297,46.59135092938821,3.911373225697391,0.9328172358875784,0.5935140612878267,0.9379300026296468,0.6786425940968625,False,True,-0.0051127667420683975,-0.08512853280903576
27,10.0,10.000000000000005,14.026665453374864,102.09062177548611,0.16510258370458003,83.2239148236646,0.0658337612510297,46.59135092938821,3.911373225697391,0.9320054604394382,0.5803289147955811,0.9379300026296468,0.6786425940968625,False,True,-0.005924542190208548,-0.09831367930128132
28,3.0,3.0,16.96431236063004,71.25997372848659,0.2991164233969599,80.09254154249314,0.041659953013496114,56.74770264877901,3.70398742753937,0.930059173785135,0.6832296334317204,0.9277038749495573,0.7134599606131747,True,True,0.002355298835577724,-0.030230327181454353
28,4.19,4.19,16.96431236063004,71.25997372848659,0.2991164233969599,80.09254154249314,0.041659953013496114,56.74770264877901,3.70398742753937,0.9310689865939469,0.663595991086995,0.9277038749495573,0.7134599606131747,True,True,0.0033651116443895734,-0.049863969526179774
28,6.0,6.000000000000002,16.96431236063004,71.25997372848659,0.2991164233969599,80.09254154249314,0.041659953013496114,56.74770264877901,3.70398742753937,0.9320541954118365,0.6336259544998841,0.9277038749495573,0.7134599606131747,True,True,0.0043503204622792335,-0.07983400611329061
28,10.0,10.0,16.96431236063004,71.25997372848659,0.2991164233969599,80.09254154249314,0.041659953013496114,56.74770264877901,3.70398742753937,0.933891314536208,0.5972776186852019,0.9277038749495573,0.7134599606131747,True,True,0.006187439586650689,-0.11618234192797283
29,3.0,2.9999999999999987,15.058012741813574,136.79201829113885,0.46261505283144333,87.86546936804422,0.061899248626538825,49.052598968616955,4.070125342443069,0.9387107985837108,0.6564821042976502,0.9384123666497626,0.6956583295527267,True,True,0.00029843193394818446,-0.03917622525507647
29,4.19,4.19,15.058012741813574,136.79201829113885,0.46261505283144333,87.86546936804422,0.061899248626538825,49.052598968616955,4.070125342443069,0.9384866927043952,0.6310879054124687,0.9384123666497626,0.6956583295527267,True,True,7.432605463264519e-05,-0.06457042414025793
29,6.0,5.999999999999998,15.058012741813574,136.79201829113885,0.46261505283144333,87.86546936804422,0.061899248626538825,49.052598968616955,4.070125342443069,0.9386546884603933,0.6092373199872191,0.9384123666497626,0.6956583295527267,True,True,0.00024232181063077451,-0.08642100956550758
29,10.0,10.000000000000009,15.058012741813574,136.79201829113885,0.46261505283144333,87.86546936804422,0.061899248626538825,49.052598968616955,4.070125342443069,0.9389202911766449,0.587932041966573,0.9384123666497626,0.6956583295527267,True,True,0.0005079245268823085,-0.10772628758615366
30,3.0,3.0000000000000004,13.519636112852014,116.31228305915928,0.506574024112438,109.686803246426,0.06696526501898707,57.85217785995418,2.8541490812118546,0.9434066899377955,0.6370284764436132,0.9402558597922264,0.6782512964631516,True,True,0.003150830145569161,-0.041222820019538475
30,4.19,4.190000000000002,13.519636112852014,116.31228305915928,0.506574024112438,109.686803246426,0.06696526501898707,57.85217785995418,2.8541490812118546,0.945309419609436,0.6219988904440683,0.9402558597922264,0.6782512964631516,True,True,0.005053559817209674,-0.05625240601908332
30,6.0,6.0,13.519636112852014,116.31228305915928,0.506574024112438,109.686803246426,0.06696526501898707,57.85217785995418,2.8541490812118546,0.948020078304788,0.6078862996417442,0.9402558597922264,0.6782512964631516,True,True,0.007764218512561594,-0.0703649968214074
30,10.0,9.999999999999998,13.519636112852014,116.31228305915928,0.506574024112438,109.686803246426,0.06696526501898707,57.85217785995418,2.8541490812118546,0.9522347922186218,0.5963308629408213,0.9402558597922264,0.6782512964631516,True,True,0.011978932426395472,-0.08192043352233036
31,3.0,3.0,15.236296080698697,66.05765954817493,0.3311677365534592,90.86319095762666,0.02742564666975176,59.671139439071894,3.0328758399413718,0.9373069243968865,0.6646840760927576,0.9323730668694273,0.697976348440989,True,True,0.004933857527459118,-0.0332922723482314
31,4.19,4.1899999999999995,15.236296080698697,66.05765954817493,0.3311677365534592,90.86319095762666,0.02742564666975176,59.671139439071894,3.0328758399413718,0.9395626289617324,0.6450784885005316,0.9323730668694273,0.697976348440989,True,True,0.007189562092305035,-0.05289785994045737
31,6.0,6.000000000000001,15.236296080698697,66.05765954817493,0.3311677365534592,90.86319095762666,0.02742564666975176,59.671139439071894,3.0328758399413718,0.9427858622400724,0.6218916927989402,0.9323730668694273,0.697976348440989,True,True,0.0104127953706451,-0.0760846556420488
31,10.0,9.999999999999998,15.236296080698697,66.05765954817493,0.3311677365534592,90.86319095762666,0.02742564666975176,59.671139439071894,3.0328758399413718,0.9485250860634147,0.5999376168556553,0.9323730668694273,0.697976348440989,True,True,0.016152019193987344,-0.09803873158533372
32,3.0,3.0000000000000004,14.402697707659904,154.4808022045379,0.5392814962552669,98.12542183876268,0.030921869276807075,44.82286777787293,4.1781174558060075,0.9568404595356476,0.6599505729030266,0.9549725877989956,0.7017601597919302,True,True,0.001867871736651927,-0.04180958688890357
32,4.19,4.1899999999999995,14.402697707659904,154.4808022045379,0.5392814962552669,98.12542183876268,0.030921869276807075,44.82286777787293,4.1781174558060075,0.9576751874730557,0.6351494507482962,0.9549725877989956,0.7017601597919302,True,True,0.0027025996740600577,-0.06661070904363398
32,6.0,6.000000000000001,14.402697707659904,154.4808022045379,0.5392814962552669,98.12542183876268,0.030921869276807075,44.82286777787293,4.1781174558060075,0.9588551565582903,0.6162940151329913,0.9549725877989956,0.7017601597919302,True,True,0.0038825687592947133,-0.08546614465893887
32,10.0,9.999999999999998,14.402697707659904,154.4808022045379,0.5392814962552669,98.12542183876268,0.030921869276807075,44.82286777787293,4.1781174558060075,0.960100057869395,0.6006418372292428,0.9549725877989956,0.7017601597919302,True,True,0.005127470070399376,-0.10111832256268738
33,3.0,3.000000000000001,17.077794913262235,142.7908135412393,0.5206381667419678,86.12160405566439,0.05486547653493337,44.019193237133685,2.6694473720858207,0.9394923068432023,0.6868572395098265,0.9380391088453581,0.7328075171712565,True,True,0.0014531979978441578,-0.045950277661430006
33,4.19,4.189999999999999,17.077794913262235,142.7908135412393,0.5206381667419678,86.12160405566439,0.05486547653493337,44.019193237133685,2.6694473720858207,0.9395728501693316,0.6611585597594126,0.9380391088453581,0.7328075171712565,True,True,0.0015337413239734365,-0.07164895741184385
33,6.0,6.000000000000001,17.077794913262235,142.7908135412393,0.5206381667419678,86.12160405566439,0.05486547653493337,44.019193237133685,2.6694473720858207,0.9392061656658744,0.6244407408502102,0.9380391088453581,0.7328075171712565,True,True,0.0011670568205163212,-0.1083667763210463
33,10.0,9.999999999999998,17.077794913262235,142.7908135412393,0.5206381667419678,86.12160405566439,0.05486547653493337,44.019193237133685,2.6694473720858207,0.9392824123008171,0.5916982360467617,0.9380391088453581,0.7328075171712565,True,True,0.0012433034554589772,-0.14110928112449472
34,3.0,2.9999999999999982,13.478841754338731,76.69180880922453,0.22255137474039915,90.71356681448643,0.046164598877558284,42.69570531985915,2.600904732315905,0.9476771888874814,0.6306859777448203,0.947440902690453,0.6896371037308261,True,True,0.00023628619702842357,-0.058951125986005826
34,4.19,4.1899999999999995,13.478841754338731,76.69180880922453,0.22255137474039915,90.71356681448643,0.046164598877558284,42.69570531985915,2.600904732315905,0.9479428123415538,0.6152889262833307,0.947440902690453,0.6896371037308261,True,True,0.0005019096511007515,-0.07434817744749544
34,6.0,6.0,13.478841754338731,76.69180880922453,0.22255137474039915,90.71356681448643,0.046164598877558284,42.69570531985915,2.600904732315905,0.948063022400453,0.5989552592577023,0.947440902690453,0.6896371037308261,True,True,0.0006221197100000353,-0.09068184447312377
34,10.0,10.0,13.478841754338731,76.69180880922453,0.22255137474039915,90.71356681448643,0.046164598877558284,42.69570531985915,2.600904732315905,0.9482768148793926,0.589266886072609,0.947440902690453,0.6896371037308261,True,True,0.0008359121889396359,-0.10037021765821708
35,3.0,3.000000000000001,13.162216036496307,163.99901117824356,0.2574206143777269,82.64425283019366,0.07646340992693218,45.216849718226435,2.576643977267503,0.9297147564447408,0.6117478354182496,0.9336433512025827,0.6682670708081844,False,True,-0.003928594757841908,-0.05651923538993475
35,4.19,4.19,13.162216036496307,163.99901117824356,0.2574206143777269,82.64425283019366,0.07646340992693218,45.216849718226435,2.576643977267503,0.9286602029961804,0.5968037610194993,0.9336433512025827,0.6682670708081844,False,True,-0.0049831482064023325,-0.07146330978868509
35,6.0,5.999999999999997,13.162216036496307,163.99901117824356,0.2574206143777269,82.64425283019366,0.07646340992693218,45.216849718226435,2.576643977267503,0.9276386066690943,0.5824775799353717,0.9336433512025827,0.6682670708081844,False,True,-0.006004744533488426,-0.08578949087281262
35,10.0,10.0,13.162216036496307,163.99901117824356,0.2574206143777269,82.64425283019366,0.07646340992693218,45.216849718226435,2.576643977267503,0.9270584756044548,0.5743873733015417,0.9336433512025827,0.6682670708081844,False,True,-0.006584875598127926,-0.09387969750664271
36,3.0,3.000000000000001,12.695693460104659,94.1047581466548,0.48209929461375367,99.59376545473205,0.044050922202242854,45.86919695641742,3.526965256106935,0.9349077189106444,0.6114333541294801,0.9269583524980604,0.6433141787347613,True,True,0.007949366412584036,-0.03188082460528119
36,4.19,4.1899999999999995,12.695693460104659,94.1047581466548,0.48209929461375367,99.59376545473205,0.044050922202242854,45.86919695641742,3.526965256106935,0.9393802654200138,0.6014869072813896,0.9269583524980604,0.6433141787347613,True,True,0.012421912921953493,-0.04182727145337162
36,6.0,6.000000000000001,12.695693460104659,94.1047581466548,0.48209929461375367,99.59376545473205,0.044050922202242854,45.86919695641742,3.526965256106935,0.9448657345700064,0.5937739045376225,0.9269583524980604,0.6433141787347613,True,True,0.017907382071946087,-0.0495402741971388
36,10.0,9.999999999999995,12.695693460104659,94.1047581466548,0.48209929461375367,99.59376545473205,0.044050922202242854,45.86919695641742,3.526965256106935,0.9521121926986476,0.5911404399103087,0.9269583524980604,0.6433141787347613,True,True,0.025153840200587196,-0.05217373882445253
37,3.0,2.9999999999999982,14.50704979204297,129.14930686861584,0.26724466809049197,80.61759012104709,0.07469168527736836,50.06836961247942,2.991446641612157,0.9286549969686364,0.6359603220760562,0.9317274582875806,0.68685699301959,False,True,-0.0030724613189442307,-0.050896670943533784
37,4.19,4.190000000000003,14.50704979204297,129.14930686861584,0.26724466809049197,80.61759012104709,0.07469168527736836,50.06836961247942,2.991446641612157,0.9271316757855401,0.6123588693860154,0.9317274582875806,0.68685699301959,False,True,-0.004595782502040513,-0.07449812363357466
37,6.0,6.000000000000002,14.50704979204297,129.14930686861584,0.26724466809049197,80.61759012104709,0.07469168527736836,50.06836961247942,2.991446641612157,0.9259237655003383,0.5936182506443446,0.9317274582875806,0.68685699301959,False,True,-0.005803692787242354,-0.09323874237524543
37,10.0,10.000000000000004,14.50704979204297,129.14930686861584,0.26724466809049197,80.61759012104709,0.07469168527736836,50.06836961247942,2.991446641612157,0.9248418566101083,0.5773363867253023,0.9317274582875806,0.68685699301959,False,True,-0.0068856016774723194,-0.10952060629428773
38,3.0,3.0,13.185611241597423,94.80463488245636,0.4050892106791585,85.7739009711621,0.028637789932224184,43.51384332849214,3.378010660971388,0.9373775635873038,0.6178563198236868,0.9320465565063101,0.6605862443843865,True,True,0.005331007080993766,-0.042729924560699684
38,4.19,4.1899999999999995,13.185611241597423,94.80463488245636,0.4050892106791585,85.7739009711621,0.028637789932224184,43.51384332849214,3.378010660971388,0.9402439266026787,0.6058455767939869,0.9320465565063101,0.6605862443843865,True,True,0.008197370096368672,-0.05474066759039964
38,6.0,6.0,13.185611241597423,94.80463488245636,0.4050892106791585,85.7739009711621,0.028637789932224184,43.51384332849214,3.378010660971388,0.9433522462904643,0.5933968184009177,0.9320465565063101,0.6605862443843865,True,True,0.01130568978415425,-0.06718942598346878
38,10.0,10.000000000000007,13.185611241597423,94.80463488245636,0.4050892106791585,85.7739009711621,0.028637789932224184,43.51384332849214,3.378010660971388,0.9469964914055867,0.5879070051371174,0.9320465565063101,0.6605862443843865,True,True,0.014949934899276651,-0.07267923924726916
39,3.0,3.000000000000001,12.751728662804004,102.9326726736272,0.378712026548246,104.21687893324292,0.05834180966639407,45.1582498857481,4.084717884472678,0.9495195510901553,0.6245467122894753,0.9471301382011036,0.6614830053841866,True,True,0.002389412889051701,-0.03693629309471125
39,4.19,4.190000000000001,12.751728662804004,102.9326726736272,0.378712026548246,104.21687893324292,0.05834180966639407,45.1582498857481,4.084717884472678,0.9510744634980177,0.6114305833618698,0.9471301382011036,0.6614830053841866,True,True,0.003944325296914131,-0.050052422022316745
39,6.0,6.0,12.751728662804004,102.9326726736272,0.378712026548246,104.21687893324292,0.05834180966639407,45.1582498857481,4.084717884472678,0.9527877272892074,0.5994808275364879,0.9471301382011036,0.6614830053841866,True,True,0.005657589088103765,-0.06200217784769868
39,10.0,10.000000000000002,12.751728662804004,102.9326726736272,0.378712026548246,104.21687893324292,0.05834180966639407,45.1582498857481,4.084717884472678,0.9548014918151686,0.5930168190526518,0.9471301382011036,0.6614830053841866,True,True,0.007671353614065013,-0.06846618633153478
40,3.0,2.9999999999999996,16.35394272155569,123.79870543362975,0.46652946813416385,103.82565474937462,0.06727109460806824,45.4181067393454,3.546054247156134,0.9507750960926956,0.6889383225218123,0.9496351844811936,0.7301083789256235,True,True,0.0011399116115020647,-0.04117005640381122
40,4.19,4.190000000000003,16.35394272155569,123.79870543362975,0.46652946813416385,103.82565474937462,0.06727109460806824,45.4181067393454,3.546054247156134,0.9508052238873768,0.6627889292181592,0.9496351844811936,0.7301083789256235,True,True,0.0011700394061832098,-0.06731944970746429
40,6.0,6.000000000000001,16.35394272155569,123.79870543362975,0.46652946813416385,103.82565474937462,0.06727109460806824,45.4181067393454,3.546054247156134,0.9505454476612976,0.6282072651734759,0.9496351844811936,0.7301083789256235,True,True,0.0009102631801040095,-0.10190111375214761
40,10.0,10.000000000000004,16.35394272155569,123.79870543362975,0.46652946813416385,103.82565474937462,0.06727109460806824,45.4181067393454,3.546054247156134,0.9509310174185647,0.597719558737705,0.9496351844811936,0.7301083789256235,True,True,0.001295832937371122,-0.13238882018791853
41,3.0,2.9999999999999996,13.220440662597909,143.21696971445678,0.45652176708330106,90.10216185753023,0.020550750113614336,54.939266838854266,3.6258240759283744,0.9532355185764068,0.639602798513266,0.9514924363002791,0.6796109891725282,True,True,0.0017430822761276277,-0.0400081906592622
41,4.19,4.190000000000001,13.220440662597909,143.21696971445678,0.45652176708330106,90.10216185753023,0.020550750113614336,54.939266838854266,3.6258240759283744,0.9541664718146329,0.6253402437366878,0.9514924363002791,0.6796109891725282,True,True,0.0026740355143537453,-0.05427074543584032
41,6.0,6.000000000000002,13.220440662597909,143.21696971445678,0.45652176708330106,90.10216185753023,0.020550750113614336,54.939266838854266,3.6258240759283744,0.9551451947711771,0.610190409601458,0.9514924363002791,0.6796109891725282,True,True,0.0036527584708979655,-0.06942057957107017
41,10.0,10.000000000000007,13.220440662597909,143.21696971445678,0.45652176708330106,90.10216185753023,0.020550750113614336,54.939266838854266,3.6258240759283744,0.9562289848881036,0.5979581847878688,0.9514924363002791,0.6796109891725282,True,True,0.004736548587824463,-0.08165280438465938
42,3.0,3.000000000000001,13.69258812876185,65.51715427704309,0.49727227322906264,94.33828221477782,0.07996879826548403,47.505622097765794,2.835311388844547,0.8801549312001421,0.5764129464666419,0.8674744273192989,0.6074785853387386,True,True,0.012680503880843186,-0.03106563887209668
42,4.19,4.189999999999999,13.69258812876185,65.51715427704309,0.49727227322906264,94.33828221477782,0.07996879826548403,47.505622097765794,2.835311388844547,0.8881645598981021,0.5701231440795445,0.8674744273192989,0.6074785853387386,True,True,0.020690132578803144,-0.0373554412591941
42,6.0,5.999999999999999,13.69258812876185,65.51715427704309,0.49727227322906264,94.33828221477782,0.07996879826548403,47.505622097765794,2.835311388844547,0.8988734106830167,0.5652125058378306,0.8674744273192989,0.6074785853387386,True,True,0.031398983363717825,-0.042266079500907994
42,10.0,9.999999999999998,13.69258812876185,65.51715427704309,0.49727227322906264,94.33828221477782,0.07996879826548403,47.505622097765794,2.835311388844547,0.916590239349326,0.5691816219417783,0.8674744273192989,0.6074785853387386,True,True,0.04911581203002713,-0.038296963396960204
43,3.0,2.9999999999999996,13.923287626350561,95.78454019341362,0.3250396981182715,93.5696019075401,0.060702899065584015,47.61525934616998,2.732413881727522,0.9435455559144672,0.6386658946428859,0.9427149143791936,0.6906594191339267,True,True,0.0008306415352735685,-0.05199352449104078
43,4.19,4.190000000000001,13.923287626350561,95.78454019341362,0.3250396981182715,93.5696019075401,0.060702899065584015,47.61525934616998,2.732413881727522,0.9439837882164434,0.6197964157097923,0.9427149143791936,0.6906594191339267,True,True,0.0012688738372497177,-0.07086300342413443
43,6.0,5.999999999999999,13.923287626350561,95.78454019341362,0.3250396981182715,93.5696019075401,0.060702899065584015,47.61525934616998,2.732413881727522,0.9446237652423649,0.6028069069619826,0.9427149143791936,0.6906594191339267,True,True,0.0019088508631712742,-0.08785251217194412
43,10.0,10.000000000000004,13.923287626350561,95.78454019341362,0.3250396981182715,93.5696019075401,0.060702899065584015,47.61525934616998,2.732413881727522,0.9454853346514944,0.5898724005460961,0.9427149143791936,0.6906594191339267,True,True,0.0027704202723007887,-0.10078701858783057
44,3.0,2.9999999999999987,14.932635942225183,97.02648888583136,0.4083991082299224,86.6132698037896,0.06440874994174887,51.0716834802045,2.52132691531584,0.929479085079887,0.6457998450856034,0.9268096322507656,0.6915655017123268,True,True,0.0026694528291213437,-0.04576565662672338
44,4.19,4.190000000000001,14.932635942225183,97.02648888583136,0.4083991082299224,86.6132698037896,0.06440874994174887,51.0716834802045,2.52132691531584,0.930313159543401,0.622569365460649,0.9268096322507656,0.6915655017123268,True,True,0.0035035272926353667,-0.06899613625167778
44,6.0,5.999999999999999,14.932635942225183,97.02648888583136,0.4083991082299224,86.6132698037896,0.06440874994174887,51.0716834802045,2.52132691531584,0.9321235103684318,0.6040495063654874,0.9268096322507656,0.6915655017123268,True,True,0.005313878117666149,-0.0875159953468394
44,10.0,10.000000000000004,14.932635942225183,97.02648888583136,0.4083991082299224,86.6132698037896,0.06440874994174887,51.0716834802045,2.52132691531584,0.9346805338878905,0.5852273678418817,0.9268096322507656,0.6915655017123268,True,True,0.007870901637124894,-0.1063381338704451
45,3.0,2.9999999999999987,17.041984284822583,100.57937123156691,0.3689519802934807,105.7422590135923,0.07681866738811573,43.60736302875038,4.473171327195444,0.9509712395307913,0.6982439015801382,0.9506459960235036,0.7339514686599932,True,True,0.0003252435072876869,-0.03570756707985501
45,4.19,4.190000000000002,17.041984284822583,100.57937123156691,0.3689519802934807,105.7422590135923,0.07681866738811573,43.60736302875038,4.473171327195444,0.9505993924387762,0.6717990950111665,0.9506459960235036,0.7339514686599932,False,True,-4.660358472741155e-05,-0.06215237364882664
45,6.0,6.000000000000002,17.041984284822583,100.57937123156691,0.3689519802934807,105.7422590135923,0.07681866738811573,43.60736302875038,4.473171327195444,0.9495031093161591,0.6332389281514331,0.9506459960235036,0.7339514686599932,False,True,-0.001142886707344526,-0.10071254050856004
45,10.0,9.999999999999993,17.041984284822583,100.57937123156691,0.3689519802934807,105.7422590135923,0.07681866738811573,43.60736302875038,4.473171327195444,0.9489796874898152,0.5987422042455904,0.9506459960235036,0.7339514686599932,False,True,-0.001666308533688432,-0.13520926441440273
46,3.0,3.0000000000000004,13.560649531309554,47.50246255912548,0.48723438903176897,84.31501894586317,0.029416539260818622,48.26418695930946,2.753376524342253,0.8422992709411474,0.5441986612710064,0.8197942691734503,0.5572789854421981,True,True,0.022505001767697097,-0.01308032417119176
46,4.19,4.189999999999999,13.560649531309554,47.50246255912548,0.48723438903176897,84.31501894586317,0.029416539260818622,48.26418695930946,2.753376524342253,0.8543431865478627,0.5429783543281748,0.8197942691734503,0.5572789854421981,True,True,0.03454891737441235,-0.014300631114023354
46,6.0,6.000000000000003,13.560649531309554,47.50246255912548,0.48723438903176897,84.31501894586317,0.029416539260818622,48.26418695930946,2.753376524342253,0.8708378000366939,0.5451216717910325,0.8197942691734503,0.5572789854421981,True,True,0.051043530863243536,-0.012157313651165569
46,10.0,9.999999999999996,13.560649531309554,47.50246255912548,0.48723438903176897,84.31501894586317,0.029416539260818622,48.26418695930946,2.753376524342253,0.8985305380291971,0.5567635180530911,0.8197942691734503,0.5572789854421981,True,True,0.0787362688557468,-0.0005154673891070161
47,3.0,3.0000000000000004,15.18850833623555,61.90139321837004,0.5890768218020191,109.81832929245127,0.045210514712593394,54.355709671606704,3.3453124615320946,0.8758914923850158,0.5973851765926486,0.8656028877694071,0.6269860020626417,True,True,0.010288604615608765,-0.029600825469993097
47,4.19,4.190000000000002,15.18850833623555,61.90139321837004,0.5890768218020191,109.81832929245127,0.045210514712593394,54.355709671606704,3.3453124615320946,0.8826046216809097,0.583745659470661,0.8656028877694071,0.6269860020626417,True,True,0.017001733911502614,-0.04324034259198062
47,6.0,6.0,15.18850833623555,61.90139321837004,0.5890768218020191,109.81832929245127,0.045210514712593394,54.355709671606704,3.3453124615320946,0.8948764971423998,0.5776709930484303,0.8656028877694071,0.6269860020626417,True,True,0.029273609372992726,-0.049315009014211375
47,10.0,10.000000000000007,15.18850833623555,61.90139321837004,0.5890768218020191,109.81832929245127,0.045210514712593394,54.355709671606704,3.3453124615320946,0.9170107643457406,0.5742480309616937,0.8656028877694071,0.6269860020626417,True,True,0.0514078765763335,-0.05273797110094791
48,3.0,3.0000000000000004,15.134905569962772,166.91417844054132,0.5854970827033938,102.61727515889967,0.0730675844243353,52.403872107515305,3.7958719221933395,0.9482443759196993,0.6704127530898516,0.9479250832830373,0.7088234076262402,True,True,0.00031929263666208296,-0.03841065453638859
48,4.19,4.1899999999999995,15.134905569962772,166.91417844054132,0.5854970827033938,102.61727515889967,0.0730675844243353,52.403872107515305,3.7958719221933395,0.9479624709356685,0.6456639351744639,0.9479250832830373,0.7088234076262402,True,True,3.738765263128219e-05,-0.06315947245177633
48,6.0,5.999999999999998,15.134905569962772,166.91417844054132,0.5854970827033938,102.61727515889967,0.0730675844243353,52.403872107515305,3.7958719221933395,0.9479346384684113,0.6206556116430237,0.9479250832830373,0.7088234076262402,True,True,9.555185374043873e-06,-0.08816779598321645
48,10.0,10.000000000000002,15.134905569962772,166.91417844054132,0.5854970827033938,102.61727515889967,0.0730675844243353,52.403872107515305,3.7958719221933395,0.9481722177583962,0.5953810624152948,0.9479250832830373,0.7088234076262402,True,True,0.0002471344753589566,-0.11344234521094543
49,3.0,3.0000000000000013,16.010466301406197,159.01637849262866,0.19988334434935195,100.53680549239577,0.02433840974872074,56.038439138664195,2.8276187291203305,0.9669503186968956,0.708227825944268,0.9678008784841581,0.7490964878014111,False,True,-0.0008505597872624504,-0.04086866185714311
49,4.19,4.1899999999999995,16.010466301406197,159.01637849262866,0.19988334434935195,100.53680549239577,0.02433840974872074,56.038439138664195,2.8276187291203305,0.9664704256437577,0.685531303937485,0.9678008784841581,0.7490964878014111,False,True,-0.0013304528404003424,-0.06356518386392618
49,6.0,5.999999999999997,16.010466301406197,159.01637849262866,0.19988334434935195,100.53680549239577,0.02433840974872074,56.038439138664195,2.8276187291203305,0.9657633357101227,0.6522842198306711,0.9678008784841581,0.7490964878014111,False,True,-0.002037542774035339,-0.09681226797074005
49,10.0,10.000000000000004,16.010466301406197,159.01637849262866,0.19988334434935195,100.53680549239577,0.02433840974872074,56.038439138664195,2.8276187291203305,0.9649907047833818,0.6161144754887555,0.9678008784841581,0.7490964878014111,False,True,-0.0028101737007762972,-0.1329820123126556
50,3.0,3.0000000000000004,16.29167179130873,83.70615673799239,0.32089432968113574,94.45771525750598,0.07013336545215931,42.848557128745185,3.3118090353216023,0.9418765462537674,0.6763218491465459,0.9406894160984062,0.7215196613228925,True,True,0.0011871301553612046,-0.04519781217634655
50,4.19,4.1899999999999995,16.29167179130873,83.70615673799239,0.32089432968113574,94.45771525750598,0.07013336545215931,42.848557128745185,3.3118090353216023,0.9418065060718371,0.6485739765923382,0.9406894160984062,0.7215196613228925,True,True,0.0011170899734309625,-0.0729456847305543
50,6.0,6.0,16.29167179130873,83.70615673799239,0.32089432968113574,94.45771525750598,0.07013336545215931,42.848557128745185,3.3118090353216023,0.9418045081339019,0.6177073255789479,0.9406894160984062,0.7215196613228925,True,True,0.0011150920354957572,-0.10381233574394455
50,10.0,10.0,16.29167179130873,83.70615673799239,0.32089432968113574,94.45771525750598,0.07013336545215931,42.848557128745185,3.3118090353216023,0.9423246439985042,0.5908330463350472,0.9406894160984062,0.7215196613228925,True,True,0.0016352279000980685,-0.13068661498784528
51,3.0,3.000000000000002,16.894342468488816,53.275097294524,0.5010361182978922,91.87707058704372,0.03501207056142841,50.409000527147775,4.166253196411058,0.8790434926179295,0.6261495183236933,0.8703376139570769,0.6511405713138625,True,True,0.008705878660852595,-0.024991052990169238
51,4.19,4.1899999999999995,16.894342468488816,53.275097294524,0.5010361182978922,91.87707058704372,0.03501207056142841,50.409000527147775,4.166253196411058,0.8844613774403733,0.6085404772399517,0.8703376139570769,0.6511405713138625,True,True,0.01412376348329647,-0.042600094073910744
51,6.0,5.999999999999999,16.894342468488816,53.275097294524,0.5010361182978922,91.87707058704372,0.03501207056142841,50.409000527147775,4.166253196411058,0.8933257289315598,0.5883044615655632,0.8703376139570769,0.6511405713138625,True,True,0.022988114974482943,-0.06283610974829934
51,10.0,10.000000000000005,16.894342468488816,53.275097294524,0.5010361182978922,91.87707058704372,0.03501207056142841,50.409000527147775,4.166253196411058,0.9133166389551071,0.5762395148379074,0.8703376139570769,0.6511405713138625,True,True,0.04297902499803019,-0.07490105647595513
52,3.0,3.000000000000001,17.50939126270068,101.64271828862866,0.29264994040444664,99.84538623989663,0.04952288922054795,53.544359216129486,3.021796681375947,0.9587271940576475,0.7197417080687406,0.9588063210588096,0.7568136590696828,False,True,-7.91270011620826e-05,-0.03707195100094218
52,4.19,4.190000000000002,17.50939126270068,101.64271828862866,0.29264994040444664,99.84538623989663,0.04952288922054795,53.544359216129486,3.021796681375947,0.9583478065549711,0.6982179843866766,0.9588063210588096,0.7568136590696828,False,True,-0.0004585145038384919,-0.058595674683006194
52,6.0,5.999999999999999,17.50939126270068,101.64271828862866,0.29264994040444664,99.84538623989663,0.04952288922054795,53.544359216129486,3.021796681375947,0.9574584289991152,0.6651128202022037,0.9588063210588096,0.7568136590696828,False,True,-0.0013478920596944333,-0.09170083886747904
52,10.0,10.0,17.50939126270068,101.64271828862866,0.29264994040444664,99.84538623989663,0.04952288922054795,53.544359216129486,3.021796681375947,0.9559324826728083,0.6172770635514603,0.9588063210588096,0.7568136590696828,False,True,-0.002873838386001304,-0.1395365955182225
53,3.0,2.999999999999999,16.833438590363816,72.50953687281987,0.5834637809584711,96.0171693913778,0.07373409428008584,40.26407507659418,3.4759930060715964,0.8917144807227234,0.6304833503531558,0.8827550375077148,0.6677034599038032,True,True,0.008959443215008633,-0.03722010955064736
53,4.19,4.1899999999999995,16.833438590363816,72.50953687281987,0.5834637809584711,96.0171693913778,0.07373409428008584,40.26407507659418,3.4759930060715964,0.8963993210480496,0.6075691150038617,0.8827550375077148,0.6677034599038032,True,True,0.013644283540334867,-0.060134344899941516
53,6.0,5.999999999999996,16.833438590363816,72.50953687281987,0.5834637809584711,96.0171693913778,0.07373409428008584,40.26407507659418,3.4759930060715964,0.9051709570329929,0.5888167238390857,0.8827550375077148,0.6677034599038032,True,True,0.022415919525278105,-0.07888673606471752
53,10.0,10.000000000000005,16.833438590363816,72.50953687281987,0.5834637809584711,96.0171693913778,0.07373409428008584,40.26407507659418,3.4759930060715964,0.9214506614479274,0.5765484903323296,0.8827550375077148,0.6677034599038032,True,True,0.03869562394021264,-0.09115496957147362
54,3.0,3.0000000000000004,12.328505002623771,116.86735540118,0.3380815604253198,106.30677830320434,0.06201951996287203,54.64605572729992,2.9400844683215754,0.9546676111693083,0.6278867005423009,0.9543782921475348,0.6684954607499062,True,True,0.0002893190217735375,-0.04060876020760529
54,4.19,4.190000000000001,12.328505002623771,116.86735540118,0.3380815604253198,106.30677830320434,0.06201951996287203,54.64605572729992,2.9400844683215754,0.9549615920487003,0.6155052615207515,0.9543782921475348,0.6684954607499062,True,True,0.0005832999011655682,-0.05299019922915471
54,6.0,6.000000000000002,12.328505002623771,116.86735540118,0.3380815604253198,106.30677830320434,0.06201951996287203,54.64605572729992,2.9400844683215754,0.9552347605306044,0.6028765535505359,0.9543782921475348,0.6684954607499062,True,True,0.0008564683830696307,-0.06561890719937025
54,10.0,10.000000000000002,12.328505002623771,116.86735540118,0.3380815604253198,106.30677830320434,0.06201951996287203,54.64605572729992,2.9400844683215754,0.9557345566844444,0.5953813615912632,0.9543782921475348,0.6684954607499062,True,True,0.0013562645369096238,-0.07311409915864298
55,3.0,3.0000000000000018,13.04319383495252,88.70599058477157,0.2694019079269957,100.28973351586485,0.02579785838512859,51.656949362334096,3.6441096022974615,0.9616514218189174,0.643036320934623,0.9603032920946298,0.6858193994944267,True,True,0.00134812972428755,-0.04278307855980368
55,4.19,4.190000000000003,13.04319383495252,88.70599058477157,0.2694019079269957,100.28973351586485,0.02579785838512859,51.656949362334096,3.6441096022974615,0.962411943024025,0.6292138241173071,0.9603032920946298,0.6858193994944267,True,True,0.0021086509293951616,-0.05660557537711963
55,6.0,6.000000000000003,13.04319383495252,88.70599058477157,0.2694019079269957,100.28973351586485,0.02579785838512859,51.656949362334096,3.6441096022974615,0.9631331524592428,0.6138661892305244,0.9603032920946298,0.6858193994944267,True,True,0.0028298603646129683,-0.07195321026390233
55,10.0,10.000000000000002,13.04319383495252,88.70599058477157,0.2694019079269957,100.28973351586485,0.02579785838512859,51.656949362334096,3.6441096022974615,0.9638919911867874,0.6024758589742605,0.9603032920946298,0.6858193994944267,True,True,0.0035886990921575324,-0.08334354052016624
56,3.0,3.0000000000000004,15.373203187943151,124.71650404989418,0.3356432530877,91.69004736449149,0.05423687692868967,45.92864426758461,2.6197974477496038,0.9489039631589622,0.6707713555092963,0.9497697337371331,0.7228360723398068,False,True,-0.0008657705781709435,-0.052064716830510505
56,4.19,4.190000000000002,15.373203187943151,124.71650404989418,0.3356432530877,91.69004736449149,0.05423687692868967,45.92864426758461,2.6197974477496038,0.9480498352497314,0.6430534564076824,0.9497697337371331,0.7228360723398068,False,True,-0.0017198984874017276,-0.07978261593212443
56,6.0,5.9999999999999964,15.373203187943151,124.71650404989418,0.3356432530877,91.69004736449149,0.05423687692868967,45.92864426758461,2.6197974477496038,0.9472584577010876,0.6169860220117893,0.9497697337371331,0.7228360723398068,False,True,-0.0025112760360455066,-0.10585005032801753
56,10.0,10.000000000000004,15.373203187943151,124.71650404989418,0.3356432530877,91.69004736449149,0.05423687692868967,45.92864426758461,2.6197974477496038,0.946467647067487,0.5930051702396867,0.9497697337371331,0.7228360723398068,False,True,-0.0033020866696461537,-0.12983090210012016
57,3.0,3.0000000000000004,12.059118519913483,97.62906181365271,0.23652921643270455,99.29762041300648,0.07403210493309594,55.03771548994964,3.5701198495822446,0.9472495836435584,0.6181878984788391,0.9482064411572938,0.6504947116646138,False,True,-0.0009568575137354207,-0.03230681318577466
57,4.19,4.1899999999999995,12.059118519913483,97.62906181365271,0.23652921643270455,99.29762041300648,0.07403210493309594,55.03771548994964,3.5701198495822446,0.9468839529597102,0.6060435584223697,0.9482064411572938,0.6504947116646138,False,True,-0.0013224881975836267,-0.044451153242244135
57,6.0,6.000000000000002,12.059118519913483,97.62906181365271,0.23652921643270455,99.29762041300648,0.07403210493309594,55.03771548994964,3.5701198495822446,0.9465514094691596,0.5950917458042477,0.9482064411572938,0.6504947116646138,False,True,-0.0016550316881341898,-0.05540296586036608
57,10.0,10.000000000000004,12.059118519913483,97.62906181365271,0.23652921643270455,99.29762041300648,0.07403210493309594,55.03771548994964,3.5701198495822446,0.946386875075287,0.5879395382253751,0.9482064411572938,0.6504947116646138,False,True,-0.0018195660820068404,-0.06255517343923866
58,3.0,3.0,12.994591846836608,134.4216947654213,0.3405310473113612,95.2634289305756,0.021334261724896626,47.179473200803,4.0431795628984,0.9609941502689784,0.6389660379800948,0.9605979294351578,0.6821274379439899,True,True,0.00039622083382062634,-0.04316139996389512
58,4.19,4.19,12.994591846836608,134.4216947654213,0.3405310473113612,95.2634289305756,0.021334261724896626,47.179473200803,4.0431795628984,0.9612395201401334,0.6249071316317043,0.9605979294351578,0.6821274379439899,True,True,0.0006415907049756031,-0.057220306312285585
58,6.0,5.999999999999998,12.994591846836608,134.4216947654213,0.3405310473113612,95.2634289305756,0.021334261724896626,47.179473200803,4.0431795628984,0.9613795117672216,0.6092869752871244,0.9605979294351578,0.6821274379439899,True,True,0.0007815823320638238,-0.0728404626568655
58,10.0,10.000000000000002,12.994591846836608,134.4216947654213,0.3405310473113612,95.2634289305756,0.021334261724896626,47.179473200803,4.0431795628984,0.9615058840581973,0.5992748439219463,0.9605979294351578,0.6821274379439899,True,True,0.0009079546230394975,-0.08285259402204359
59,3.0,3.0,17.862393565513884,113.37054104457313,0.3542473469230182,98.30943842849048,0.027178573984200503,56.932287754307545,3.6500027652246096,0.9620571043248705,0.7297686705564078,0.9611269798397772,0.7599247863551755,True,True,0.00093012448509322,-0.030156115798767646
59,4.19,4.190000000000003,17.862393565513884,113.37054104457313,0.3542473469230182,98.30943842849048,0.027178573984200503,56.932287754307545,3.6500027652246096,0.9623289929653278,0.7104968829492007,0.9611269798397772,0.7599247863551755,True,True,0.0012020131255505717,-0.049427903405974805
59,6.0,5.999999999999999,17.862393565513884,113.37054104457313,0.3542473469230182,98.30943842849048,0.027178573984200503,56.932287754307545,3.6500027652246096,0.9624102967503454,0.6807929514151664,0.9611269798397772,0.7599247863551755,True,True,0.0012833169105681552,-0.07913183494000908
59,10.0,10.000000000000002,17.862393565513884,113.37054104457313,0.3542473469230182,98.30943842849048,0.027178573984200503,56.932287754307545,3.6500027652246096,0.9620993081346066,0.629331668508559,0.9611269798397772,0.7599247863551755,True,True,0.0009723282948294054,-0.13059311784661642
60,3.0,3.0000000000000013,15.113451447204586,125.41983939293968,0.1589913423146716,109.86261783436558,0.03438032745477725,42.36095906502483,3.7152068890046523,0.9698623256239529,0.6863831031619887,0.9712738321598994,0.7354995110577365,False,True,-0.0014115065359464607,-0.04911640789574778
60,4.19,4.1899999999999995,15.113451447204586,125.41983939293968,0.1589913423146716,109.86261783436558,0.03438032745477725,42.36095906502483,3.7152068890046523,0.968985811958229,0.6563639904758167,0.9712738321598994,0.7354995110577365,False,True,-0.0022880202016704043,-0.07913552058191975
60,6.0,6.000000000000001,15.113451447204586,125.41983939293968,0.1589913423146716,109.86261783436558,0.03438032745477725,42.36095906502483,3.7152068890046523,0.9682029199321978,0.6297221418639761,0.9712738321598994,0.7354995110577365,False,True,-0.0030709122277016165,-0.10577736919376035
60,10.0,10.000000000000005,15.113451447204586,125.41983939293968,0.1589913423146716,109.86261783436558,0.03438032745477725,42.36095906502483,3.7152068890046523,0.967526573875096,0.6068251185282392,0.9712738321598994,0.7354995110577365,False,True,-0.0037472582848033786,-0.1286743925294973
61,3.0,3.0,12.293662750053786,48.94532243821425,0.403709680034141,96.43924735066513,0.05149441044585587,49.429010884969344,3.736426570391859,0.8771723960994581,0.5600606523117263,0.8588193743777078,0.5662098723502003,True,True,0.01835302172175024,-0.006149220038473957
61,4.19,4.19,12.293662750053786,48.94532243821425,0.403709680034141,96.43924735066513,0.05149441044585587,49.429010884969344,3.736426570391859,0.8874334241630586,0.5592002906173326,0.8588193743777078,0.5662098723502003,True,True,0.02861404978535076,-0.007009581732867698
61,6.0,6.0,12.293662750053786,48.94532243821425,0.403709680034141,96.43924735066513,0.05149441044585587,49.429010884969344,3.736426570391859,0.9012226343050197,0.5631749824420929,0.8588193743777078,0.5662098723502003,True,True,0.042403259927311865,-0.0030348899081074077
61,10.0,10.0,12.293662750053786,48.94532243821425,0.403709680034141,96.43924735066513,0.05149441044585587,49.429010884969344,3.736426570391859,0.9220464834756157,0.5706012409295192,0.8588193743777078,0.5662098723502003,True,False,0.06322710909790785,0.004391368579318988
62,3.0,3.000000000000001,14.117233231144324,132.27067494832772,0.20761192051141403,86.23617390126837,0.02106589964380207,56.12699898553176,4.431042283838826,0.9532713101101625,0.658488066446224,0.9538849206989357,0.694173871065414,False,True,-0.0006136105887731835,-0.03568580461918991
62,4.19,4.190000000000002,14.117233231144324,132.27067494832772,0.20761192051141403,86.23617390126837,0.02106589964380207,56.12699898553176,4.431042283838826,0.9528550027305615,0.6355319065582371,0.9538849206989357,0.694173871065414,False,True,-0.001029917968374261,-0.05864196450717685
62,6.0,5.999999999999997,14.117233231144324,132.27067494832772,0.20761192051141403,86.23617390126837,0.02106589964380207,56.12699898553176,4.431042283838826,0.9525187311287768,0.6171268502357538,0.9538849206989357,0.694173871065414,False,True,-0.0013661895701588822,-0.0770470208296602
62,10.0,9.999999999999995,14.117233231144324,132.27067494832772,0.20761192051141403,86.23617390126837,0.02106589964380207,56.12699898553176,4.431042283838826,0.9521433592641154,0.5971237264849257,0.9538849206989357,0.694173871065414,False,True,-0.0017415614348202935,-0.09705014458048822
63,3.0,3.000000000000001,16.207900969458368,87.6601207792987,0.3156784885930495,94.10382628412337,0.035802629353756,59.969018569470364,4.011639093249014,0.9525458528748781,0.6973269190881956,0.9510944862932889,0.7266649197525299,True,True,0.0014513665815892862,-0.02933800066433434
63,4.19,4.1899999999999995,16.207900969458368,87.6601207792987,0.3156784885930495,94.10382628412337,0.035802629353756,59.969018569470364,4.011639093249014,0.9531335399923281,0.6773829235240539,0.9510944862932889,0.7266649197525299,True,True,0.0020390536990392283,-0.049281996228475955
63,6.0,6.0000000000000036,16.207900969458368,87.6601207792987,0.3156784885930495,94.10382628412337,0.035802629353756,59.969018569470364,4.011639093249014,0.9536062564834094,0.6473143920693775,0.9510944862932889,0.7266649197525299,True,True,0.002511770190120499,-0.07935052768315243
63,10.0,10.000000000000004,16.207900969458368,87.6601207792987,0.3156784885930495,94.10382628412337,0.035802629353756,59.969018569470364,4.011639093249014,0.9544517968704304,0.6112368131736772,0.9510944862932889,0.7266649197525299,True,True,0.0033573105771415035,-0.11542810657885272
64,3.0,3.0000000000000004,17.27081739152993,146.55930655751166,0.5965624502167227,95.42962397111677,0.02901803196358813,41.865441289452704,3.256054929941485,0.9536410145160574,0.7030311981508693,0.950248511998071,0.7444603600642313,True,True,0.0033925025179863955,-0.04142916191336199
64,4.19,4.190000000000003,17.27081739152993,146.55930655751166,0.5965624502167227,95.42962397111677,0.02901803196358813,41.865441289452704,3.256054929941485,0.9548772720429604,0.6777390036822873,0.950248511998071,0.7444603600642313,True,True,0.004628760044889324,-0.06672135638194399
64,6.0,5.999999999999997,17.27081739152993,146.55930655751166,0.5965624502167227,95.42962397111677,0.02901803196358813,41.865441289452704,3.256054929941485,0.9560209505466879,0.6402562918773328,0.950248511998071,0.7444603600642313,True,True,0.005772438548616865,-0.10420406818689854
64,10.0,10.000000000000005,17.27081739152993,146.55930655751166,0.5965624502167227,95.42962397111677,0.02901803196358813,41.865441289452704,3.256054929941485,0.9577682295207954,0.6053886000926696,0.950248511998071,0.7444603600642313,True,True,0.007519717522724401,-0.13907175997156174
65,3.0,3.0000000000000004,14.762040131653281,52.589672364941094,0.23176775825876073,88.01315666178031,0.022255473842759534,46.92584128543919,2.8655337465670976,0.9422939853647166,0.6530531805723286,0.9372168850537178,0.6981432509155349,True,True,0.005077100310998839,-0.04509007034320622
65,4.19,4.1899999999999995,14.762040131653281,52.589672364941094,0.23176775825876073,88.01315666178031,0.022255473842759534,46.92584128543919,2.8655337465670976,0.9444292477872993,0.6296030068317742,0.9372168850537178,0.6981432509155349,True,True,0.007212362733581501,-0.06854024408376069
65,6.0,6.000000000000001,14.762040131653281,52.589672364941094,0.23176775825876073,88.01315666178031,0.022255473842759534,46.92584128543919,2.8655337465670976,0.947466704404145,0.6120303659674192,0.9372168850537178,0.6981432509155349,True,True,0.010249819350427236,-0.08611288494811564
65,10.0,9.999999999999996,14.762040131653281,52.589672364941094,0.23176775825876073,88.01315666178031,0.022255473842759534,46.92584128543919,2.8655337465670976,0.9512949871002956,0.5955642166228395,0.9372168850537178,0.6981432509155349,True,True,0.014078102046577778,-0.10257903429269533
66,3.0,3.0000000000000013,17.706320131420657,66.56310250067399,0.5640973955833549,101.4197825410253,0.026231926244944602,51.72597606333675,3.4411002168692653,0.9073931165899733,0.6674240980197651,0.8987014396529792,0.6940192992442495,True,True,0.00869167693699413,-0.026595201224484444
66,4.19,4.19,17.706320131420657,66.56310250067399,0.5640973955833549,101.4197825410253,0.026231926244944602,51.72597606333675,3.4411002168692653,0.9121233087709709,0.6507320742340268,0.8987014396529792,0.6940192992442495,True,True,0.013421869117991703,-0.04328722501022275
66,6.0,6.000000000000003,17.706320131420657,66.56310250067399,0.5640973955833549,101.4197825410253,0.026231926244944602,51.72597606333675,3.4411002168692653,0.9186484282215108,0.6250263679736536,0.8987014396529792,0.6940192992442495,True,True,0.01994698856853161,-0.06899293127059591
66,10.0,10.0,17.706320131420657,66.56310250067399,0.5640973955833549,101.4197825410253,0.026231926244944602,51.72597606333675,3.4411002168692653,0.9335952363787573,0.5976785236297453,0.8987014396529792,0.6940192992442495,True,True,0.03489379672577808,-0.09634077561450427
67,3.0,3.0000000000000013,13.129407775481766,122.0141204039467,0.4188297162898147,103.93639187879245,0.07720955111339611,46.21409610068864,3.262380109713275,0.9450429612765344,0.6250826314273078,0.944446518992587,0.6734076308438198,True,True,0.000596442283947396,-0.04832499941651203
67,4.19,4.190000000000001,13.129407775481766,122.0141204039467,0.4188297162898147,103.93639187879245,0.07720955111339611,46.21409610068864,3.262380109713275,0.9459227311091875,0.6120522101817681,0.944446518992587,0.6734076308438198,True,True,0.0014762121166004283,-0.061355420662051685
67,6.0,6.000000000000003,13.129407775481766,122.0141204039467,0.4188297162898147,103.93639187879245,0.07720955111339611,46.21409610068864,3.262380109713275,0.9467113908140609,0.5975615638010813,0.944446518992587,0.6734076308438198,True,True,0.002264871821473835,-0.07584606704273855
67,10.0,9.999999999999998,13.129407775481766,122.0141204039467,0.4188297162898147,103.93639187879245,0.07720955111339611,46.21409610068864,3.262380109713275,0.9478969061584329,0.5893166829295586,0.944446518992587,0.6734076308438198,True,True,0.0034503871658458918,-0.0840909479142612
68,3.0,3.0000000000000004,15.327390410899806,168.62531606316517,0.5601490419730412,98.23750104719528,0.04777889965681401,47.918608259172714,3.0854964192302248,0.9539323252995314,0.6769615322594729,0.9529179283430412,0.722092031289908,True,True,0.0010143969564901933,-0.04513049903043509
68,4.19,4.1899999999999995,15.327390410899806,168.62531606316517,0.5601490419730412,98.23750104719528,0.04777889965681401,47.918608259172714,3.0854964192302248,0.9539600392297187,0.6507345508759687,0.9529179283430412,0.722092031289908,True,True,0.0010421108866774942,-0.0713574804139393
68,6.0,5.999999999999999,15.327390410899806,168.62531606316517,0.5601490419730412,98.23750104719528,0.04777889965681401,47.918608259172714,3.0854964192302248,0.9541250485600931,0.6243495604992357,0.9529179283430412,0.722092031289908,True,True,0.001207120217051827,-0.09774247079067222
68,10.0,10.0,15.327390410899806,168.62531606316517,0.5601490419730412,98.23750104719528,0.04777889965681401,47.918608259172714,3.0854964192302248,0.9543998614938182,0.5991131088634405,0.9529179283430412,0.722092031289908,True,True,0.0014819331507769373,-0.12297892242646746
69,3.0,3.0000000000000004,14.734482677049785,161.54744499734338,0.3829577137390245,81.94666854907311,0.025603851362328026,42.956774815537706,3.168689131565348,0.9454243614060632,0.652418802497537,0.9456543248028817,0.7050137037881722,False,True,-0.00022996339681846667,-0.052594901290635154
69,4.19,4.190000000000004,14.734482677049785,161.54744499734338,0.3829577137390245,81.94666854907311,0.025603851362328026,42.956774815537706,3.168689131565348,0.9451004614689384,0.6258777595769442,0.9456543248028817,0.7050137037881722,False,True,-0.0005538633339432497,-0.07913594421122794
69,6.0,6.000000000000002,14.734482677049785,161.54744499734338,0.3829577137390245,81.94666854907311,0.025603851362328026,42.956774815537706,3.168689131565348,0.9448747424838347,0.6056070473407766,0.9456543248028817,0.7050137037881722,False,True,-0.0007795823190469564,-0.09940665644739555
69,10.0,10.0,14.734482677049785,161.54744499734338,0.3829577137390245,81.94666854907311,0.025603851362328026,42.956774815537706,3.168689131565348,0.9446529534521579,0.5895944521512771,0.9456543248028817,0.7050137037881722,False,True,-0.0010013713507237565,-0.11541925163689504
70,3.0,3.000000000000001,17.142104161655205,166.03640740667538,0.34312750780515455,99.35569568411488,0.04289407089786257,47.423704513114025,2.8859018246805963,0.9615009581938404,0.713994497155907,0.9627341803689875,0.7582921862958505,False,True,-0.0012332221751470973,-0.044297689139943475
70,4.19,4.1899999999999995,17.142104161655205,166.03640740667538,0.34312750780515455,99.35569568411488,0.04289407089786257,47.423704513114025,2.8859018246805963,0.9606594995814282,0.6890306822097466,0.9627341803689875,0.7582921862958505,False,True,-0.0020746807875593465,-0.06926150408610388
70,6.0,6.000000000000001,17.142104161655205,166.03640740667538,0.34312750780515455,99.35569568411488,0.04289407089786257,47.423704513114025,2.8859018246805963,0.9593061094836007,0.6516621836142823,0.9627341803689875,0.7582921862958505,False,True,-0.003428070885386769,-0.10663000268156819
70,10.0,10.000000000000004,17.142104161655205,166.03640740667538,0.34312750780515455,99.35569568411488,0.04289407089786257,47.423704513114025,2.8859018246805963,0.9577507396066182,0.6101550890215633,0.9627341803689875,0.7582921862958505,False,True,-0.00498344076236934,-0.14813709727428714
71,3.0,3.0000000000000004,17.956722069213832,147.87905238982455,0.46477515802401503,88.77705962720631,0.07327978550152471,45.716347732566675,2.848798874060931,0.9413231453311837,0.7022708708868203,0.9419761272358351,0.745556519384581,False,True,-0.0006529819046514618,-0.04328564849776073
71,4.19,4.19,17.956722069213832,147.87905238982455,0.46477515802401503,88.77705962720631,0.07327978550152471,45.716347732566675,2.848798874060931,0.9404456872657105,0.6776283117901745,0.9419761272358351,0.745556519384581,False,True,-0.0015304399701245863,-0.06792820759440654
71,6.0,6.000000000000002,17.956722069213832,147.87905238982455,0.46477515802401503,88.77705962720631,0.07327978550152471,45.716347732566675,2.848798874060931,0.938667674985656,0.6399305735419618,0.9419761272358351,0.745556519384581,False,True,-0.0033084522501791724,-0.1056259458426192
71,10.0,10.000000000000002,17.956722069213832,147.87905238982455,0.46477515802401503,88.77705962720631,0.07327978550152471,45.716347732566675,2.848798874060931,0.9365027701723821,0.5963622934344368,0.9419761272358351,0.745556519384581,False,True,-0.005473357063452977,-0.1491942259501442
72,3.0,3.000000000000001,17.435569155091425,136.0618952032118,0.22188598734315765,90.60938956066623,0.022933390747406582,43.3544778356094,4.039235371412252,0.9586904960259518,0.7120806772199648,0.9594148189450559,0.7510994063696951,False,True,-0.0007243229191040701,-0.03901872914973026
72,4.19,4.19,17.435569155091425,136.0618952032118,0.22188598734315765,90.60938956066623,0.022933390747406582,43.3544778356094,4.039235371412252,0.9581661585649706,0.6859248243435119,0.9594148189450559,0.7510994063696951,False,True,-0.001248660380085309,-0.0651745820261832
72,6.0,5.999999999999997,17.435569155091425,136.0618952032118,0.22188598734315765,90.60938956066623,0.022933390747406582,43.3544778356094,4.039235371412252,0.9573682929934576,0.6471858449148744,0.9594148189450559,0.7510994063696951,False,True,-0.002046525951598266,-0.10391356145482067
72,10.0,9.999999999999995,17.435569155091425,136.0618952032118,0.22188598734315765,90.60938956066623,0.022933390747406582,43.3544778356094,4.039235371412252,0.9565303557779474,0.606983068683479,0.9594148189450559,0.7510994063696951,False,True,-0.002884463167108442,-0.14411633768621612
73,3.0,3.0000000000000004,12.42930363835158,120.34655923254358,0.2305544046894696,105.33778300672932,0.023543571304753784,47.839128151835766,3.4197883251610124,0.9690175374253353,0.6400577292936259,0.9694971998853333,0.6852622192634593,False,True,-0.000479662459998087,-0.045204489969833395
73,4.19,4.190000000000003,12.42930363835158,120.34655923254358,0.2305544046894696,105.33778300672932,0.023543571304753784,47.839128151835766,3.4197883251610124,0.9688509772824722,0.6257666621887025,0.9694971998853333,0.6852622192634593,False,True,-0.0006462226028611795,-0.059495557074756844
73,6.0,6.0,12.42930363835158,120.34655923254358,0.2305544046894696,105.33778300672932,0.023543571304753784,47.839128151835766,3.4197883251610124,0.9686467412599566,0.6113033913743402,0.9694971998853333,0.6852622192634593,False,True,-0.0008504586253766933,-0.07395882788911912
73,10.0,10.000000000000004,12.42930363835158,120.34655923254358,0.2305544046894696,105.33778300672932,0.023543571304753784,47.839128151835766,3.4197883251610124,0.9685340502640405,0.6034783073750574,0.9694971998853333,0.6852622192634593,False,True,-0.000963149621292847,-0.08178391188840195
74,3.0,3.000000000000001,16.51320770761583,114.29091283718616,0.2599290734756135,101.85300433292943,0.040776625233506836,42.225209715750104,4.469090241491387,0.963196902798129,0.7024847059553131,0.9640406652929567,0.7417186357857023,False,True,-0.00084376249482776,-0.0392339298303892
74,4.19,4.19,16.51320770761583,114.29091283718616,0.2599290734756135,101.85300433292943,0.040776625233506836,42.225209715750104,4.469090241491387,0.962380662307179,0.6739321195673904,0.9640406652929567,0.7417186357857023,False,True,-0.001660002985777731,-0.06778651621831189
74,6.0,5.999999999999997,16.51320770761583,114.29091283718616,0.2599290734756135,101.85300433292943,0.040776625233506836,42.225209715750104,4.469090241491387,0.9611714629703099,0.6359626415231913,0.9640406652929567,0.7417186357857023,False,True,-0.002869202322646869,-0.10575599426251103
74,10.0,10.000000000000002,16.51320770761583,114.29091283718616,0.2599290734756135,101.85300433292943,0.040776625233506836,42.225209715750104,4.469090241491387,0.9601006828786699,0.6036753942996507,0.9640406652929567,0.7417186357857023,False,True,-0.003939982414286836,-0.13804324148605163
75,3.0,3.0000000000000018,12.655532196857482,137.23541253683007,0.5316841906230351,82.13546508317374,0.02022222330711405,48.42471827921348,2.915531844276887,0.9382197780163974,0.6148756045428965,0.9333613626406997,0.6539986751464302,True,True,0.0048584153756977555,-0.039123070603533705
75,4.19,4.19,12.655532196857482,137.23541253683007,0.5316841906230351,82.13546508317374,0.02022222330711405,48.42471827921348,2.915531844276887,0.9403852373350515,0.6030545189172396,0.9333613626406997,0.6539986751464302,True,True,0.007023874694351839,-0.050944156229190574
75,6.0,6.000000000000001,12.655532196857482,137.23541253683007,0.5316841906230351,82.13546508317374,0.02022222330711405,48.42471827921348,2.915531844276887,0.9427777862051517,0.5926437476035076,0.9333613626406997,0.6539986751464302,True,True,0.009416423564452048,-0.0613549275429226
75,10.0,10.0,12.655532196857482,137.23541253683007,0.5316841906230351,82.13546508317374,0.02022222330711405,48.42471827921348,2.915531844276887,0.94547014421698,0.5870482419522347,0.9333613626406997,0.6539986751464302,True,True,0.012108781576280259,-0.06695043319419547
76,3.0,2.9999999999999996,14.259192624782308,164.39852207609698,0.32723177710098583,89.29939076465806,0.04753896147516431,50.28215552868518,3.931497631857156,0.9488490514137099,0.6526569921466794,0.9503841899616393,0.6960693824116582,False,True,-0.0015351385479294155,-0.043412390264978784
76,4.19,4.190000000000001,14.259192624782308,164.39852207609698,0.32723177710098583,89.29939076465806,0.04753896147516431,50.28215552868518,3.931497631857156,0.9479094308035697,0.6283754393288663,0.9503841899616393,0.6960693824116582,False,True,-0.002474759158069606,-0.06769394308279186
76,6.0,6.0,14.259192624782308,164.39852207609698,0.32723177710098583,89.29939076465806,0.04753896147516431,50.28215552868518,3.931497631857156,0.9471776365083776,0.6094412669978798,0.9503841899616393,0.6960693824116582,False,True,-0.003206553453261707,-0.08662811541377835
76,10.0,9.999999999999998,14.259192624782308,164.39852207609698,0.32723177710098583,89.29939076465806,0.04753896147516431,50.28215552868518,3.931497631857156,0.9464702113854553,0.5920003361518664,0.9503841899616393,0.6960693824116582,False,True,-0.0039139785761840296,-0.10406904625979174
77,3.0,3.000000000000001,17.16183992149087,71.96069493245957,0.4468690287289663,85.42625305738967,0.04861497258540652,41.05905287953274,2.9845656678503625,0.915721246242746,0.6608344447436598,0.9082180373232878,0.7011862194952534,True,True,0.007503208919458215,-0.04035177475159357
77,4.19,4.190000000000002,17.16183992149087,71.96069493245957,0.4468690287289663,85.42625305738967,0.04861497258540652,41.05905287953274,2.9845656678503625,0.9189990848459668,0.6369396444017464,0.9082180373232878,0.7011862194952534,True,True,0.010781047522679055,-0.06424657509350695
77,6.0,6.000000000000002,17.16183992149087,71.96069493245957,0.4468690287289663,85.42625305738967,0.04861497258540652,41.05905287953274,2.9845656678503625,0.9236496246134439,0.6077716412996312,0.9082180373232878,0.7011862194952534,True,True,0.015431587290156146,-0.09341457819562216
77,10.0,10.000000000000005,17.16183992149087,71.96069493245957,0.4468690287289663,85.42625305738967,0.04861497258540652,41.05905287953274,2.9845656678503625,0.9323426587718332,0.5847983886025105,0.9082180373232878,0.7011862194952534,True,True,0.024124621448545436,-0.11638783089274285
78,3.0,3.0000000000000004,13.372443607493834,109.08480014183449,0.20577194715290426,98.59278660030395,0.062308680304032735,57.93222225237396,3.617876539921004,0.9527624146545218,0.6439553371295126,0.9548487739709023,0.6863212478936199,False,True,-0.0020863593163804595,-0.04236591076410734
78,4.19,4.19,13.372443607493834,109.08480014183449,0.20577194715290426,98.59278660030395,0.062308680304032735,57.93222225237396,3.617876539921004,0.951864597369628,0.6262836068687216,0.9548487739709023,0.6863212478936199,False,True,-0.0029841766012742577,-0.06003764102489828
78,6.0,5.999999999999998,13.372443607493834,109.08480014183449,0.20577194715290426,98.59278660030395,0.062308680304032735,57.93222225237396,3.617876539921004,0.9509826637591889,0.6092721357351503,0.9548487739709023,0.6863212478936199,False,True,-0.0038661102117133472,-0.07704911215846966
78,10.0,10.0,13.372443607493834,109.08480014183449,0.20577194715290426,98.59278660030395,0.062308680304032735,57.93222225237396,3.617876539921004,0.950200423366276,0.594561045996215,0.9548487739709023,0.6863212478936199,False,True,-0.004648350604626317,-0.09176020189740497
79,3.0,3.0,12.511831836616725,60.26641436006796,0.3805123387834772,89.91401841908687,0.035411056008743495,53.447519137060475,3.6981954873232192,0.9103220938010745,0.5911936881565458,0.8993429502163354,0.6092231396365755,True,True,0.01097914358473917,-0.018029451480029657
79,4.19,4.19,12.511831836616725,60.26641436006796,0.3805123387834772,89.91401841908687,0.035411056008743495,53.447519137060475,3.6981954873232192,0.916595649180675,0.584971804210349,0.8993429502163354,0.6092231396365755,True,True,0.017252698964339674,-0.024251335426226484
79,6.0,5.999999999999998,12.511831836616725,60.26641436006796,0.3805123387834772,89.91401841908687,0.035411056008743495,53.447519137060475,3.6981954873232192,0.924753789791573,0.5804471798755784,0.8993429502163354,0.6092231396365755,True,True,0.025410839575237598,-0.028775959760997116
79,10.0,9.999999999999998,12.511831836616725,60.26641436006796,0.3805123387834772,89.91401841908687,0.035411056008743495,53.447519137060475,3.6981954873232192,0.937232769745142,0.5822174375985347,0.8993429502163354,0.6092231396365755,True,True,0.037889819528806656,-0.027005702038040758
80,3.0,3.000000000000001,15.812055497366572,90.54914644008437,0.17409181382515382,101.53006525326686,0.07932351292412915,50.65660486461664,3.465925345354997,0.952449188357225,0.6856471602401373,0.9552917419772492,0.7290346074324835,False,True,-0.0028425536200241686,-0.04338744719234622
80,4.19,4.189999999999999,15.812055497366572,90.54914644008437,0.17409181382515382,101.53006525326686,0.07932351292412915,50.65660486461664,3.465925345354997,0.950598367592879,0.6590672322549109,0.9552917419772492,0.7290346074324835,False,True,-0.00469337438437023,-0.06996737517757257
80,6.0,6.000000000000002,15.812055497366572,90.54914644008437,0.17409181382515382,101.53006525326686,0.07932351292412915,50.65660486461664,3.465925345354997,0.9482281002113335,0.6257899960429784,0.9552917419772492,0.7290346074324835,False,True,-0.007063641765915674,-0.10324461138950514
80,10.0,10.000000000000005,15.812055497366572,90.54914644008437,0.17409181382515382,101.53006525326686,0.07932351292412915,50.65660486461664,3.465925345354997,0.9460040668000543,0.5950123160326322,0.9552917419772492,0.7290346074324835,False,True,-0.009287675177194865,-0.13402229139985133
81,3.0,3.0000000000000013,16.49428080784456,162.8541474106167,0.2505675194017282,92.39475438603174,0.04836899953803743,41.7863864389457,3.5190500267893565,0.9535833549218939,0.6912053037882481,0.9556221586585082,0.738843701188853,False,True,-0.0020388037366142475,-0.04763839740060494
81,4.19,4.190000000000002,16.49428080784456,162.8541474106167,0.2505675194017282,92.39475438603174,0.04836899953803743,41.7863864389457,3.5190500267893565,0.9522911568786612,0.6618691299046012,0.9556221586585082,0.738843701188853,False,True,-0.0033310017798470204,-0.07697457128425178
81,6.0,6.000000000000002,16.49428080784456,162.8541474106167,0.2505675194017282,92.39475438603174,0.04836899953803743,41.7863864389457,3.5190500267893565,0.9507009493827914,0.6260942476258919,0.9556221586585082,0.738843701188853,False,True,-0.00492120927571682,-0.11274945356296107
81,10.0,10.000000000000002,16.49428080784456,162.8541474106167,0.2505675194017282,92.39475438603174,0.04836899953803743,41.7863864389457,3.5190500267893565,0.9493464472392918,0.5957965096429017,0.9556221586585082,0.738843701188853,False,True,-0.0062757114192163455,-0.14304719154595136
82,3.0,3.0000000000000004,15.551009703702645,74.75756832183936,0.2809253370244993,83.39568028164818,0.02370848722424282,52.50216662657401,2.709196555553146,0.9420775349178796,0.6712298503418981,0.9391185216481172,0.7124116676081885,True,True,0.002959013269762445,-0.041181817266290444
82,4.19,4.190000000000003,15.551009703702645,74.75756832183936,0.2809253370244993,83.39568028164818,0.02370848722424282,52.50216662657401,2.709196555553146,0.9431061341689565,0.6481283726728784,0.9391185216481172,0.7124116676081885,True,True,0.003987612520839345,-0.06428329493531015
82,6.0,6.0000000000000036,15.551009703702645,74.75756832183936,0.2809253370244993,83.39568028164818,0.02370848722424282,52.50216662657401,2.709196555553146,0.9443763366555984,0.6214809133501799,0.9391185216481172,0.7124116676081885,True,True,0.005257815007481237,-0.09093075425800867
82,10.0,10.000000000000004,15.551009703702645,74.75756832183936,0.2809253370244993,83.39568028164818,0.02370848722424282,52.50216662657401,2.709196555553146,0.9461293490914624,0.5948670520514023,0.9391185216481172,0.7124116676081885,True,True,0.007010827443345247,-0.11754461555678619
83,3.0,3.000000000000002,12.919710390628348,128.58634095220685,0.20206656824102598,88.31717160130255,0.046891654838878555,43.72502679903074,2.540350386186331,0.9470580158559864,0.6235752771492832,0.949368075275839,0.6809846949346204,False,True,-0.002310059419852628,-0.05740941778533726
83,4.19,4.190000000000003,12.919710390628348,128.58634095220685,0.20206656824102598,88.31717160130255,0.046891654838878555,43.72502679903074,2.540350386186331,0.9464257777862676,0.6082891936897943,0.949368075275839,0.6809846949346204,False,True,-0.0029422974895714216,-0.07269550124482616
83,6.0,6.000000000000005,12.919710390628348,128.58634095220685,0.20206656824102598,88.31717160130255,0.046891654838878555,43.72502679903074,2.540350386186331,0.9458474758790214,0.5945323686349397,0.949368075275839,0.6809846949346204,False,True,-0.003520599396817592,-0.08645232629968069
83,10.0,10.000000000000002,12.919710390628348,128.58634095220685,0.20206656824102598,88.31717160130255,0.046891654838878555,43.72502679903074,2.540350386186331,0.9454941081216199,0.5862158439573946,0.949368075275839,0.6809846949346204,False,True,-0.00387396715421906,-0.09476885097722587
84,3.0,3.000000000000001,12.935260606091335,81.2269623556088,0.23960507967302827,97.9692838194478,0.07788937706761873,46.49361255939834,3.5045338131946973,0.9431962311472578,0.6215228311530699,0.9439231087234911,0.6667941494196635,False,True,-0.0007268775762332425,-0.045271318266593585
84,4.19,4.19,12.935260606091335,81.2269623556088,0.23960507967302827,97.9692838194478,0.07788937706761873,46.49361255939834,3.5045338131946973,0.9432376018063012,0.6076237300603652,0.9439231087234911,0.6667941494196635,False,True,-0.0006855069171898265,-0.05917041935929834
84,6.0,6.000000000000002,12.935260606091335,81.2269623556088,0.23960507967302827,97.9692838194478,0.07788937706761873,46.49361255939834,3.5045338131946973,0.9431745373545394,0.5932877458729843,0.9439231087234911,0.6667941494196635,False,True,-0.0007485713689516782,-0.07350640354667926
84,10.0,10.000000000000002,12.935260606091335,81.2269623556088,0.23960507967302827,97.9692838194478,0.07788937706761873,46.49361255939834,3.5045338131946973,0.9434428837618858,0.5857269157093895,0.9439231087234911,0.6667941494196635,False,True,-0.00048022496160526895,-0.08106723371027402
85,3.0,3.000000000000001,13.750344653307753,58.90268067282007,0.46969610327509215,108.35380351934889,0.03788408002062142,58.84346170039306,3.3907580404907636,0.8971765208582665,0.595808098742948,0.8871818320088524,0.6237430691627103,True,True,0.009994688849414124,-0.02793497041976223
85,4.19,4.189999999999999,13.750344653307753,58.90268067282007,0.46969610327509215,108.35380351934889,0.03788408002062142,58.84346170039306,3.3907580404907636,0.9047126419033414,0.5901854149832636,0.8871818320088524,0.6237430691627103,True,True,0.017530809894489074,-0.03355765417944667
85,6.0,6.0,13.750344653307753,58.90268067282007,0.46969610327509215,108.35380351934889,0.03788408002062142,58.84346170039306,3.3907580404907636,0.9148639076938738,0.5837083323438902,0.8871818320088524,0.6237430691627103,True,True,0.027682075685021457,-0.04003473681882008
85,10.0,10.000000000000002,13.750344653307753,58.90268067282007,0.46969610327509215,108.35380351934889,0.03788408002062142,58.84346170039306,3.3907580404907636,0.9330103864885869,0.583380448804772,0.8871818320088524,0.6237430691627103,True,True,0.04582855447973455,-0.04036262035793825
86,3.0,2.9999999999999996,14.615478391737637,156.71232557954107,0.3507218759361439,103.02685273273966,0.0207217601943747,58.155086548124046,3.4285544232441474,0.9685742450595094,0.6868848063139872,0.9686348614511086,0.725640435008954,False,True,-6.061639159915533e-05,-0.03875562869496685
86,4.19,4.1899999999999995,14.615478391737637,156.71232557954107,0.3507218759361439,103.02685273273966,0.0207217601943747,58.155086548124046,3.4285544232441474,0.9683814142435047,0.663406351892919,0.9686348614511086,0.725640435008954,False,True,-0.0002534472076038963,-0.062234083116035066
86,6.0,6.0,14.615478391737637,156.71232557954107,0.3507218759361439,103.02685273273966,0.0207217601943747,58.155086548124046,3.4285544232441474,0.9681398050932205,0.6378246513731438,0.9686348614511086,0.725640435008954,False,True,-0.0004950563578880463,-0.08781578363581022
86,10.0,10.000000000000002,14.615478391737637,156.71232557954107,0.3507218759361439,103.02685273273966,0.0207217601943747,58.155086548124046,3.4285544232441474,0.9678295425114333,0.6104744631448615,0.9686348614511086,0.725640435008954,False,True,-0.0008053189396752813,-0.1151659718640925
87,3.0,2.9999999999999996,13.991266836208517,51.70159326479833,0.15941704212751295,104.74050028731114,0.03396996268867791,58.79728822700964,3.6021012561328454,0.9627257688822367,0.6680267799239153,0.9617853619129658,0.7059095635068962,True,True,0.0009404069692708905,-0.037882783582980806
87,4.19,4.190000000000004,13.991266836208517,51.70159326479833,0.15941704212751295,104.74050028731114,0.03396996268867791,58.79728822700964,3.6021012561328454,0.9630088800982284,0.645949505303872,0.9617853619129658,0.7059095635068962,True,True,0.001223518185262562,-0.05996005820302419
87,6.0,6.000000000000003,13.991266836208517,51.70159326479833,0.15941704212751295,104.74050028731114,0.03396996268867791,58.79728822700964,3.6021012561328454,0.9635612781504828,0.6275830995865918,0.9617853619129658,0.7059095635068962,True,True,0.001775916237516939,-0.0783264639203044
87,10.0,9.999999999999998,13.991266836208517,51.70159326479833,0.15941704212751295,104.74050028731114,0.03396996268867791,58.79728822700964,3.6021012561328454,0.96412371410662,0.6062464055705533,0.9617853619129658,0.7059095635068962,True,True,0.0023383521936541918,-0.09966315793634284
88,3.0,2.999999999999999,17.775605963348468,159.25863364262233,0.20857751825864576,84.97572226907408,0.06982758124016333,40.128690273453905,3.769904101225894,0.9400879315887986,0.6941631270215898,0.9430510365972841,0.7392714261588288,False,True,-0.0029631050084855115,-0.045108299137239016
88,4.19,4.190000000000001,17.775605963348468,159.25863364262233,0.20857751825864576,84.97572226907408,0.06982758124016333,40.128690273453905,3.769904101225894,0.9381776494722378,0.6652844108644023,0.9430510365972841,0.7392714261588288,False,True,-0.004873387125046258,-0.07398701529442653
88,6.0,5.999999999999998,17.775605963348468,159.25863364262233,0.20857751825864576,84.97572226907408,0.06982758124016333,40.128690273453905,3.769904101225894,0.9354082719737208,0.6235499815178894,0.9430510365972841,0.7392714261588288,False,True,-0.007642764623563281,-0.11572144464093936
88,10.0,10.000000000000004,17.775605963348468,159.25863364262233,0.20857751825864576,84.97572226907408,0.06982758124016333,40.128690273453905,3.769904101225894,0.9329611213895199,0.5867659886415111,0.9430510365972841,0.7392714261588288,False,True,-0.010089915207764144,-0.1525054375173177
89,3.0,2.9999999999999996,17.23055040286946,63.23262103333796,0.5886587624343194,91.81878345829118,0.06492097211577681,58.209826512969855,4.449259480264571,0.8707022516485452,0.6267276230680338,0.8642251481013157,0.6478816424793017,True,True,0.0064771035472295235,-0.021154019411267933
89,4.19,4.19,17.23055040286946,63.23262103333796,0.5886587624343194,91.81878345829118,0.06492097211577681,58.209826512969855,4.449259480264571,0.8749509812129042,0.6111190986366182,0.8642251481013157,0.6478816424793017,True,True,0.010725833111588479,-0.036762543842683515
89,6.0,6.000000000000001,17.23055040286946,63.23262103333796,0.5886587624343194,91.81878345829118,0.06492097211577681,58.209826512969855,4.449259480264571,0.8812603472533779,0.5888294898333134,0.8642251481013157,0.6478816424793017,True,True,0.017035199152062197,-0.05905215264598829
89,10.0,10.000000000000005,17.23055040286946,63.23262103333796,0.5886587624343194,91.81878345829118,0.06492097211577681,58.209826512969855,4.449259480264571,0.8984362829245599,0.5723476828669871,0.8642251481013157,0.6478816424793017,True,True,0.03421113482324423,-0.07553395961231457
90,3.0,2.9999999999999996,17.81909533460963,111.55573286773124,0.46047503372941434,80.49891351944444,0.03466457266409919,41.13317687545028,3.075255609462343,0.9345495788253847,0.6898001177735199,0.9312474365886227,0.7319601547950539,True,True,0.0033021422367619513,-0.042160037021534036
90,4.19,4.190000000000002,17.81909533460963,111.55573286773124,0.46047503372941434,80.49891351944444,0.03466457266409919,41.13317687545028,3.075255609462343,0.9356475554406868,0.6647209985618404,0.9312474365886227,0.7319601547950539,True,True,0.004400118852064039,-0.06723915623321353
90,6.0,6.0000000000000036,17.81909533460963,111.55573286773124,0.46047503372941434,80.49891351944444,0.03466457266409919,41.13317687545028,3.075255609462343,0.936568156453355,0.627404436302988,0.9312474365886227,0.7319601547950539,True,True,0.0053207198647322596,-0.10455571849206591
90,10.0,10.000000000000002,17.81909533460963,111.55573286773124,0.46047503372941434,80.49891351944444,0.03466457266409919,41.13317687545028,3.075255609462343,0.9380839840257701,0.5921790789532507,0.9312474365886227,0.7319601547950539,True,True,0.0068365474371473445,-0.13978107584180322
91,3.0,3.0,15.871822262165805,91.94949450203367,0.4103384518373141,89.36303441766208,0.06959639506239823,55.95604474253102,2.5813736872804713,0.9303024467459066,0.6662134178154712,0.9276071954435524,0.7051435904558049,True,True,0.0026952513023541513,-0.038930172640333716
91,4.19,4.19,15.871822262165805,91.94949450203367,0.4103384518373141,89.36303441766208,0.06959639506239823,55.95604474253102,2.5813736872804713,0.9311170904630434,0.6446737853909242,0.9276071954435524,0.7051435904558049,True,True,0.0035098950194909495,-0.060469805064880644
91,6.0,6.0,15.871822262165805,91.94949450203367,0.4103384518373141,89.36303441766208,0.06959639506239823,55.95604474253102,2.5813736872804713,0.9321044081108762,0.6161087374174099,0.9276071954435524,0.7051435904558049,True,True,0.0044972126673238355,-0.08903485303839498
91,10.0,10.0,15.871822262165805,91.94949450203367,0.4103384518373141,89.36303441766208,0.06959639506239823,55.95604474253102,2.5813736872804713,0.934875281228742,0.5907866713960985,0.9276071954435524,0.7051435904558049,True,True,0.00726808578518956,-0.11435691905970635
92,3.0,2.9999999999999996,17.689849394269196,107.73462186981934,0.22842564750759378,84.18044020177506,0.053823341725965534,49.58576592692392,3.112194377241185,0.9432460155667027,0.7032632804996709,0.9448184812224333,0.7436594135104512,False,True,-0.0015724656557305483,-0.040396133010780266
92,4.19,4.190000000000002,17.689849394269196,107.73462186981934,0.22842564750759378,84.18044020177506,0.053823341725965534,49.58576592692392,3.112194377241185,0.942189575149447,0.6797497808224293,0.9448184812224333,0.7436594135104512,False,True,-0.00262890607298627,-0.06390963268802186
92,6.0,6.000000000000002,17.689849394269196,107.73462186981934,0.22842564750759378,84.18044020177506,0.053823341725965534,49.58576592692392,3.112194377241185,0.9404757436498657,0.6438486090977927,0.9448184812224333,0.7436594135104512,False,True,-0.004342737572567534,-0.09981080441265844
92,10.0,10.000000000000002,17.689849394269196,107.73462186981934,0.22842564750759378,84.18044020177506,0.053823341725965534,49.58576592692392,3.112194377241185,0.9382994868783266,0.5996115733843159,0.9448184812224333,0.7436594135104512,False,True,-0.006518994344106632,-0.14404784012613525
93,3.0,3.0000000000000013,13.469888082297558,119.3389556189622,0.21086413836263795,85.9956291522087,0.04242608187795859,57.74924865358679,4.40589909636854,0.9461771691833344,0.6388697619518058,0.9474269739246131,0.6749762699844886,False,True,-0.0012498047412786706,-0.03610650803268278
93,4.19,4.19,13.469888082297558,119.3389556189622,0.21086413836263795,85.9956291522087,0.04242608187795859,57.74924865358679,4.40589909636854,0.9455655388485212,0.6216612765534485,0.9474269739246131,0.6749762699844886,False,True,-0.001861435076091822,-0.05331499343104007
93,6.0,6.000000000000002,13.469888082297558,119.3389556189622,0.21086413836263795,85.9956291522087,0.04242608187795859,57.74924865358679,4.40589909636854,0.9449604130385033,0.605003229245986,0.9474269739246131,0.6749762699844886,False,True,-0.0024665608861097477,-0.06997304073850252
93,10.0,10.000000000000005,13.469888082297558,119.3389556189622,0.21086413836263795,85.9956291522087,0.04242608187795859,57.74924865358679,4.40589909636854,0.944423692080532,0.5905957897594999,0.9474269739246131,0.6749762699844886,False,True,-0.0030032818440810516,-0.08438048022498867
94,3.0,2.9999999999999987,13.845728793220559,60.81924771867621,0.2904335530885914,100.8606181136324,0.021840718493894185,40.750046491941646,4.3956973522255725,0.9496830644753634,0.637726448630104,0.944177017266496,0.6778755910871556,True,True,0.005506047208867382,-0.04014914245705159
94,4.19,4.190000000000001,13.845728793220559,60.81924771867621,0.2904335530885914,100.8606181136324,0.021840718493894185,40.750046491941646,4.3956973522255725,0.9534116773456912,0.6226101812787318,0.944177017266496,0.6778755910871556,True,True,0.009234660079195156,-0.05526540980842376
94,6.0,6.0,13.845728793220559,60.81924771867621,0.2904335530885914,100.8606181136324,0.021840718493894185,40.750046491941646,4.3956973522255725,0.9577260950665167,0.6082279878369015,0.944177017266496,0.6778755910871556,True,True,0.013549077800020681,-0.0696476032502541
94,10.0,10.000000000000002,13.845728793220559,60.81924771867621,0.2904335530885914,100.8606181136324,0.021840718493894185,40.750046491941646,4.3956973522255725,0.962945139367318,0.6001732571830921,0.944177017266496,0.6778755910871556,True,True,0.018768122100821905,-0.07770233390406345
95,3.0,3.0000000000000013,15.843536696642994,148.65048342094252,0.5575661554894111,86.38273481862939,0.045892520005397036,44.257303629866676,3.553909903806674,0.9402827972180846,0.6683850648801445,0.9383815857663168,0.7111065429331039,True,True,0.0019012114517678036,-0.04272147805295945
95,4.19,4.1899999999999995,15.843536696642994,148.65048342094252,0.5575661554894111,86.38273481862939,0.045892520005397036,44.257303629866676,3.553909903806674,0.9407765790718806,0.6415543437883253,0.9383815857663168,0.7111065429331039,True,True,0.0023949933055638084,-0.06955219914477861
95,6.0,6.0,15.843536696642994,148.65048342094252,0.5575661554894111,86.38273481862939,0.045892520005397036,44.257303629866676,3.553909903806674,0.9415481110124306,0.6148613397831499,0.9383815857663168,0.7111065429331039,True,True,0.003166525246113827,-0.096245203149954
95,10.0,10.0,15.843536696642994,148.65048342094252,0.5575661554894111,86.38273481862939,0.045892520005397036,44.257303629866676,3.553909903806674,0.942616726374426,0.5906701791769249,0.9383815857663168,0.7111065429331039,True,True,0.004235140608109145,-0.12043636375617905
96,3.0,2.9999999999999996,16.24280606799825,87.37199582788773,0.3183573481875914,103.42011749622291,0.07591520453498757,41.90861024993008,3.998350315994837,0.9486694675565119,0.6819714272297843,0.9482796133627682,0.7241319104986725,True,True,0.00038985419374371055,-0.042160483268888216
96,4.19,4.189999999999999,16.24280606799825,87.37199582788773,0.3183573481875914,103.42011749622291,0.07591520453498757,41.90861024993008,3.998350315994837,0.9482186118423757,0.6531894497374319,0.9482796133627682,0.7241319104986725,False,True,-6.100152039256734e-05,-0.07094246076124067
96,6.0,6.000000000000002,16.24280606799825,87.37199582788773,0.3183573481875914,103.42011749622291,0.07591520453498757,41.90861024993008,3.998350315994837,0.9477514829481066,0.6214737052304624,0.9482796133627682,0.7241319104986725,False,True,-0.0005281304146615984,-0.10265820526821012
96,10.0,10.000000000000007,16.24280606799825,87.37199582788773,0.3183573481875914,103.42011749622291,0.07591520453498757,41.90861024993008,3.998350315994837,0.9477107191660965,0.5942543771394357,0.9482796133627682,0.7241319104986725,False,True,-0.0005688941966717209,-0.1298775333592368
97,3.0,2.999999999999999,17.63755278675493,45.971337293289594,0.2260065211033603,87.26758336208565,0.05723590280214434,44.668811301738835,3.6625029918096237,0.9306245677073698,0.6859905462951824,0.9270256804591684,0.7214424985675318,True,True,0.0035988872482013434,-0.03545195227234943
97,4.19,4.190000000000001,17.63755278675493,45.971337293289594,0.2260065211033603,87.26758336208565,0.05723590280214434,44.668811301738835,3.6625029918096237,0.932131252159507,0.6629142248132901,0.9270256804591684,0.7214424985675318,True,True,0.00510557170033854,-0.058528273754241744
97,6.0,6.000000000000002,17.63755278675493,45.971337293289594,0.2260065211033603,87.26758336208565,0.05723590280214434,44.668811301738835,3.6625029918096237,0.9336198526192988,0.6282349537950649,0.9270256804591684,0.7214424985675318,True,True,0.006594172160130363,-0.09320754477246695
97,10.0,10.000000000000002,17.63755278675493,45.971337293289594,0.2260065211033603,87.26758336208565,0.05723590280214434,44.668811301738835,3.6625029918096237,0.9368704779989506,0.5938381296482607,0.9270256804591684,0.7214424985675318,True,True,0.00984479753978218,-0.12760436891927118
98,3.0,3.0000000000000004,12.613668899094714,109.66769418232772,0.2974579861731764,100.07958861474536,0.038514068388302555,44.3403810433274,3.45546077627679,0.959010537294395,0.6312182674990181,0.9585622280112993,0.676615863072471,True,True,0.0004483092830956936,-0.04539759557345291
98,4.19,4.19,12.613668899094714,109.66769418232772,0.2974579861731764,100.07958861474536,0.038514068388302555,44.3403810433274,3.45546077627679,0.9592447309688406,0.6165384001814884,0.9585622280112993,0.676615863072471,True,True,0.0006825029575412422,-0.06007746289098259
98,6.0,6.000000000000002,12.613668899094714,109.66769418232772,0.2974579861731764,100.07958861474536,0.038514068388302555,44.3403810433274,3.45546077627679,0.9594538118610956,0.603971047281365,0.9585622280112993,0.676615863072471,True,True,0.0008915838497962625,-0.07264481579110604
98,10.0,10.0,12.613668899094714,109.66769418232772,0.2974579861731764,100.07958861474536,0.038514068388302555,44.3403810433274,3.45546077627679,0.9596433001564837,0.595958031942776,0.9585622280112993,0.676615863072471,True,True,0.0010810721451843808,-0.08065783112969505
99,3.0,3.0000000000000018,17.891364267972733,138.25117170277446,0.4343318277413437,109.0038288243976,0.0774092319628787,54.7900165794056,4.336159372466063,0.9570609994769612,0.7236197145662765,0.9575373946096561,0.7528575059782204,False,True,-0.00047639513269492895,-0.029237791411943936
99,4.19,4.190000000000002,17.891364267972733,138.25117170277446,0.4343318277413437,109.0038288243976,0.0774092319628787,54.7900165794056,4.336159372466063,0.9563885347003275,0.7026530704582751,0.9575373946096561,0.7528575059782204,False,True,-0.00114885990932867,-0.050204435519945356
99,6.0,5.999999999999998,17.891364267972733,138.25117170277446,0.4343318277413437,109.0038288243976,0.0774092319628787,54.7900165794056,4.336159372466063,0.9549704074353293,0.6703107313305721,0.9575373946096561,0.7528575059782204,False,True,-0.002566987174326796,-0.08254677464764837
99,10.0,10.0,17.891364267972733,138.25117170277446,0.4343318277413437,109.0038288243976,0.0774092319628787,54.7900165794056,4.336159372466063,0.9523157695271519,0.6187426894128141,0.9575373946096561,0.7528575059782204,False,True,-0.005221625082504233,-0.13411481656540636
100,3.0,2.999999999999999,16.332841949690028,79.51839880203926,0.23369044995687543,87.62653584392568,0.06935675764224887,43.43282607728902,2.7286599172463393,0.9399972269439251,0.6754839090860871,0.9410886402967754,0.7264637705322377,False,True,-0.0010914133528503456,-0.05097986144615052
100,4.19,4.190000000000001,16.332841949690028,79.51839880203926,0.23369044995687543,87.62653584392568,0.06935675764224887,43.43282607728902,2.7286599172463393,0.9388591637805258,0.6469992032677029,0.9410886402967754,0.7264637705322377,False,True,-0.0022294765162496066,-0.07946456726453477
100,6.0,6.000000000000003,16.332841949690028,79.51839880203926,0.23369044995687543,87.62653584392568,0.06935675764224887,43.43282607728902,2.7286599172463393,0.9374743925190283,0.6149211793328626,0.9410886402967754,0.7264637705322377,False,True,-0.003614247777747104,-0.11154259119937504
100,10.0,10.000000000000002,16.332841949690028,79.51839880203926,0.23369044995687543,87.62653584392568,0.06935675764224887,43.43282607728902,2.7286599172463393,0.9362558085019141,0.5868443809232683,0.9410886402967754,0.7264637705322377,False,True,-0.00483283179486127,-0.13961938960896936
101,3.0,3.0,13.804670737095439,61.18908296239718,0.3964445975401132,95.5329060743285,0.043811995411324384,51.96139020855636,3.84880977536943,0.9127886262870946,0.6080977755386597,0.905107718845124,0.640484216943625,True,True,0.007680907441970586,-0.03238644140496527
101,4.19,4.190000000000001,13.804670737095439,61.18908296239718,0.3964445975401132,95.5329060743285,0.043811995411324384,51.96139020855636,3.84880977536943,0.9187146084469939,0.5993463775609578,0.905107718845124,0.640484216943625,True,True,0.013606889601869954,-0.04113783938266724
101,6.0,5.999999999999998,13.804670737095439,61.18908296239718,0.3964445975401132,95.5329060743285,0.043811995411324384,51.96139020855636,3.84880977536943,0.9264341574077839,0.5899374027788552,0.905107718845124,0.640484216943625,True,True,0.021326438562659922,-0.050546814164769804
101,10.0,9.999999999999998,13.804670737095439,61.18908296239718,0.3964445975401132,95.5329060743285,0.043811995411324384,51.96139020855636,3.84880977536943,0.9389218663075785,0.5861214760496021,0.905107718845124,0.640484216943625,True,True,0.03381414746245448,-0.05436274089402293
102,3.0,2.9999999999999987,16.825687496301846,99.02504138672845,0.18485980492365428,106.62100423433779,0.07891150119392902,54.136750634284496,4.228662361039371,0.9574688390989612,0.7090664249573313,0.9597018133341333,0.7429806615538614,False,True,-0.0022329742351721027,-0.033914236596530145
102,4.19,4.19,16.825687496301846,99.02504138672845,0.18485980492365428,106.62100423433779,0.07891150119392902,54.136750634284496,4.228662361039371,0.9558438061652405,0.6855388147797259,0.9597018133341333,0.7429806615538614,False,True,-0.003858007168892841,-0.05744184677413555
102,6.0,6.0,16.825687496301846,99.02504138672845,0.18485980492365428,106.62100423433779,0.07891150119392902,54.136750634284496,4.228662361039371,0.9533283913791165,0.6500571275887731,0.9597018133341333,0.7429806615538614,False,True,-0.006373421955016778,-0.09292353396508835
102,10.0,9.999999999999998,16.825687496301846,99.02504138672845,0.18485980492365428,106.62100423433779,0.07891150119392902,54.136750634284496,4.228662361039371,0.9502720029358173,0.6076398776382185,0.9597018133341333,0.7429806615538614,False,True,-0.00942981039831603,-0.13534078391564297
103,3.0,3.0,13.42877339770306,170.7045955152343,0.5173598288169539,90.4893349871709,0.052179001052959514,59.59147600491579,2.748619050623009,0.9447911012941385,0.637557614031757,0.9445343438848544,0.6815820278830989,True,True,0.00025675740928410296,-0.044024413851341815
103,4.19,4.190000000000003,13.42877339770306,170.7045955152343,0.5173598288169539,90.4893349871709,0.052179001052959514,59.59147600491579,2.748619050623009,0.9449802380411714,0.6214977709888599,0.9445343438848544,0.6815820278830989,True,True,0.0004458941563170171,-0.06008425689423891
103,6.0,6.000000000000002,13.42877339770306,170.7045955152343,0.5173598288169539,90.4893349871709,0.052179001052959514,59.59147600491579,2.748619050623009,0.9452658893317155,0.6057376364267457,0.9445343438848544,0.6815820278830989,True,True,0.0007315454468611593,-0.07584439145635313
103,10.0,9.999999999999998,13.42877339770306,170.7045955152343,0.5173598288169539,90.4893349871709,0.052179001052959514,59.59147600491579,2.748619050623009,0.9457062170730388,0.5917945716941552,0.9445343438848544,0.6815820278830989,True,True,0.001171873188184458,-0.08978745618894368
104,3.0,2.9999999999999996,16.38917505700592,88.93677289715035,0.5361610186566621,92.96346726782629,0.027524948766607348,56.67606280021367,3.1309901943694896,0.929394402288601,0.6739075464246973,0.9230966162698799,0.7043272541600347,True,True,0.006297786018721108,-0.03041970773533742
104,4.19,4.190000000000003,16.38917505700592,88.93677289715035,0.5361610186566621,92.96346726782629,0.027524948766607348,56.67606280021367,3.1309901943694896,0.9324682953454934,0.6556912389063785,0.9230966162698799,0.7043272541600347,True,True,0.009371679075613426,-0.04863601525365624
104,6.0,5.999999999999998,16.38917505700592,88.93677289715035,0.5361610186566621,92.96346726782629,0.027524948766607348,56.67606280021367,3.1309901943694896,0.9365694549800664,0.6288678062674331,0.9230966162698799,0.7043272541600347,True,True,0.013472838710186452,-0.07545944789260162
104,10.0,10.000000000000005,16.38917505700592,88.93677289715035,0.5361610186566621,92.96346726782629,0.027524948766607348,56.67606280021367,3.1309901943694896,0.9450037930269882,0.6025913651461785,0.9230966162698799,0.7043272541600347,True,True,0.021907176757108293,-0.10173588901385622
105,3.0,3.0000000000000013,13.889785403460682,46.30039725312231,0.5387593092281151,99.68488169927477,0.0332447943469768,43.886198114496416,3.985887540284476,0.833678818057263,0.538661343677129,0.8112095311885462,0.546250629564699,True,True,0.022469286868716742,-0.007589285887570019
105,4.19,4.19,13.889785403460682,46.30039725312231,0.5387593092281151,99.68488169927477,0.0332447943469768,43.886198114496416,3.985887540284476,0.8480613372652998,0.538667470480097,0.8112095311885462,0.546250629564699,True,True,0.036851806076753535,-0.007583159084602054
105,6.0,5.999999999999997,13.889785403460682,46.30039725312231,0.5387593092281151,99.68488169927477,0.0332447943469768,43.886198114496416,3.985887540284476,0.8678859024881252,0.5430416559387764,0.8112095311885462,0.546250629564699,True,True,0.05667637129957903,-0.003208973625922651
105,10.0,10.000000000000004,13.889785403460682,46.30039725312231,0.5387593092281151,99.68488169927477,0.0332447943469768,43.886198114496416,3.985887540284476,0.9010814909923714,0.5579455633204844,0.8112095311885462,0.546250629564699,True,False,0.08987195980382523,0.011694933755785342
106,3.0,3.0000000000000013,12.66309882387949,57.65243677091546,0.21346645235723882,105.9703912605346,0.03356609462497757,42.01463269452226,3.3569104288786846,0.9588080123359051,0.6304990426227574,0.9548636670103019,0.6746639423707291,True,True,0.003944345325603171,-0.044164899747971775
106,4.19,4.1899999999999995,12.66309882387949,57.65243677091546,0.21346645235723882,105.9703912605346,0.03356609462497757,42.01463269452226,3.3569104288786846,0.9607168825668061,0.6169919054194897,0.9548636670103019,0.6746639423707291,True,True,0.005853215556504199,-0.05767203695123946
106,6.0,5.999999999999998,12.66309882387949,57.65243677091546,0.21346645235723882,105.9703912605346,0.03356609462497757,42.01463269452226,3.3569104288786846,0.9627443687215852,0.6060813322499754,0.9548636670103019,0.6746639423707291,True,True,0.0078807017112833,-0.06858261012075373
106,10.0,10.000000000000005,12.66309882387949,57.65243677091546,0.21346645235723882,105.9703912605346,0.03356609462497757,42.01463269452226,3.3569104288786846,0.9647704232141491,0.599381803049947,0.9548636670103019,0.6746639423707291,True,True,0.009906756203847178,-0.0752821393207821
107,3.0,2.9999999999999996,15.339865935673725,149.6553734537706,0.5713101696462238,92.67973831720812,0.06340033351013452,53.80892059174907,3.1059972761053056,0.9407444032624962,0.6669228700052884,0.9393141792222115,0.7069461519749424,True,True,0.0014302240402847,-0.04002328196965399
107,4.19,4.1899999999999995,15.339865935673725,149.6553734537706,0.5713101696462238,92.67973831720812,0.06340033351013452,53.80892059174907,3.1059972761053056,0.940997361069981,0.6433101870098973,0.9393141792222115,0.7069461519749424,True,True,0.0016831818477694993,-0.06363596496504509
107,6.0,6.0,15.339865935673725,149.6553734537706,0.5713101696462238,92.67973831720812,0.06340033351013452,53.80892059174907,3.1059972761053056,0.9415564955854284,0.6180461559544536,0.9393141792222115,0.7069461519749424,True,True,0.002242316363216923,-0.08889999602048881
107,10.0,9.999999999999995,15.339865935673725,149.6553734537706,0.5713101696462238,92.67973831720812,0.06340033351013452,53.80892059174907,3.1059972761053056,0.9426566591036218,0.5921441476063347,0.9393141792222115,0.7069461519749424,True,True,0.003342479881410343,-0.11480200436860766
108,3.0,2.9999999999999996,14.168003714251945,140.6918279530566,0.24822978111047672,82.7389533179592,0.0603241723980035,41.63910858755867,3.272420268666885,0.9360637575316976,0.6307005469045076,0.9390529571181161,0.6877307335086943,False,True,-0.002989199586418523,-0.05703018660418668
108,4.19,4.190000000000001,14.168003714251945,140.6918279530566,0.24822978111047672,82.7389533179592,0.0603241723980035,41.63910858755867,3.272420268666885,0.9349722894508993,0.6105203131795941,0.9390529571181161,0.6877307335086943,False,True,-0.00408066766721682,-0.0772104203291002
108,6.0,6.000000000000004,14.168003714251945,140.6918279530566,0.24822978111047672,82.7389533179592,0.0603241723980035,41.63910858755867,3.272420268666885,0.9339559431699441,0.5920657027430345,0.9390529571181161,0.6877307335086943,False,True,-0.005097013948171969,-0.0956650307656598
108,10.0,10.000000000000004,14.168003714251945,140.6918279530566,0.24822978111047672,82.7389533179592,0.0603241723980035,41.63910858755867,3.272420268666885,0.9332787339577904,0.5799360481433938,0.9390529571181161,0.6877307335086943,False,True,-0.00577422316032572,-0.10779468536530046
109,3.0,3.0000000000000004,16.275902637527537,75.5032703903367,0.19163382915304455,85.66264302492623,0.06632708750270663,59.854114951862705,4.147637310167804,0.9401056994086249,0.6850009985499321,0.9412622055979595,0.7163668959817266,False,True,-0.0011565061893346051,-0.03136589743179452
109,4.19,4.19,16.275902637527537,75.5032703903367,0.19163382915304455,85.66264302492623,0.06632708750270663,59.854114951862705,4.147637310167804,0.9391183953590854,0.6634139219483286,0.9412622055979595,0.7163668959817266,False,True,-0.002143810238874111,-0.05295297403339805
109,6.0,6.000000000000002,16.275902637527537,75.5032703903367,0.19163382915304455,85.66264302492623,0.06632708750270663,59.854114951862705,4.147637310167804,0.9374940177808043,0.6316546231503283,0.9412622055979595,0.7163668959817266,False,True,-0.0037681878171551553,-0.08471227283139837
109,10.0,9.999999999999993,16.275902637527537,75.5032703903367,0.19163382915304455,85.66264302492623,0.06632708750270663,59.854114951862705,4.147637310167804,0.935663924635908,0.5965861240747229,0.9412622055979595,0.7163668959817266,False,True,-0.005598280962051505,-0.11978077190700376
110,3.0,2.9999999999999996,17.213195963789722,84.86736787470583,0.5949298166348758,108.22358527090034,0.07516177839353379,57.37784945753382,3.304611287249653,0.9149189489068719,0.6713524398240813,0.909246939682396,0.6994622377280737,True,True,0.00567200922447586,-0.028109797903992373
110,4.19,4.190000000000003,17.213195963789722,84.86736787470583,0.5949298166348758,108.22358527090034,0.07516177839353379,57.37784945753382,3.304611287249653,0.9177616016869585,0.6540965709593431,0.909246939682396,0.6994622377280737,True,True,0.008514662004562523,-0.04536566676873055
110,6.0,6.0,17.213195963789722,84.86736787470583,0.5949298166348758,108.22358527090034,0.07516177839353379,57.37784945753382,3.304611287249653,0.9214516761893927,0.6274981302468929,0.909246939682396,0.6994622377280737,True,True,0.012204736506996716,-0.07196410748118076
110,10.0,9.999999999999996,17.213195963789722,84.86736787470583,0.5949298166348758,108.22358527090034,0.07516177839353379,57.37784945753382,3.304611287249653,0.9308573800193292,0.5971939859575429,0.909246939682396,0.6994622377280737,True,True,0.021610440336933157,-0.10226825177053078
111,3.0,3.0,12.457360584268049,75.90629763109158,0.2518127890375118,84.40807500393875,0.05989295983931704,45.34781113667829,4.0981711041915885,0.9324288067304165,0.6063468964126205,0.9307618333913334,0.6370722788169464,True,True,0.0016669733390830554,-0.030725382404325874
111,4.19,4.190000000000001,12.457360584268049,75.90629763109158,0.2518127890375118,84.40807500393875,0.05989295983931704,45.34781113667829,4.0981711041915885,0.9333355902123386,0.594561554155251,0.9307618333913334,0.6370722788169464,True,True,0.0025737568210051354,-0.042510724661695365
111,6.0,6.000000000000002,12.457360584268049,75.90629763109158,0.2518127890375118,84.40807500393875,0.05989295983931704,45.34781113667829,4.0981711041915885,0.9343720772024482,0.585727790746937,0.9307618333913334,0.6370722788169464,True,True,0.003610243811114744,-0.05134448807000935
111,10.0,9.999999999999998,12.457360584268049,75.90629763109158,0.2518127890375118,84.40807500393875,0.05989295983931704,45.34781113667829,4.0981711041915885,0.9353768782823328,0.57931236219802,0.9307618333913334,0.6370722788169464,True,True,0.004615044890999398,-0.05775991661892643
112,3.0,3.000000000000001,14.131890245269187,55.279054273228695,0.18232043279453466,94.6493645924869,0.07195118202453062,55.19500986255173,3.8009025462971806,0.9418327618897733,0.6457882670932906,0.9419627077171641,0.6855125328402311,False,True,-0.0001299458273907872,-0.039724265746940435
112,4.19,4.190000000000002,14.131890245269187,55.279054273228695,0.18232043279453466,94.6493645924869,0.07195118202453062,55.19500986255173,3.8009025462971806,0.9416140338595522,0.6241384702110542,0.9419627077171641,0.6855125328402311,False,True,-0.00034867385761183645,-0.061374062629176884
112,6.0,6.0000000000000036,14.131890245269187,55.279054273228695,0.18232043279453466,94.6493645924869,0.07195118202453062,55.19500986255173,3.8009025462971806,0.9419245359439273,0.6073266983367486,0.9419627077171641,0.6855125328402311,False,True,-3.817177323672816e-05,-0.07818583450348249
112,10.0,10.000000000000005,14.131890245269187,55.279054273228695,0.18232043279453466,94.6493645924869,0.07195118202453062,55.19500986255173,3.8009025462971806,0.9423191349283591,0.5899456438574777,0.9419627077171641,0.6855125328402311,True,True,0.00035642721119499843,-0.09556688898275334
113,3.0,3.000000000000001,13.602903244566967,106.19018007561596,0.4735618345203334,83.69936074007242,0.040686773242370015,48.50142903112483,3.5663746735498316,0.9286464436029015,0.6180690997583855,0.9242979999222009,0.658788040713108,True,True,0.004348443680700642,-0.040718940954722505
113,4.19,4.189999999999999,13.602903244566967,106.19018007561596,0.4735618345203334,83.69936074007242,0.040686773242370015,48.50142903112483,3.5663746735498316,0.9314699394576008,0.6061837493912381,0.9242979999222009,0.658788040713108,True,True,0.007171939535399963,-0.052604291321869945
113,6.0,5.999999999999998,13.602903244566967,106.19018007561596,0.4735618345203334,83.69936074007242,0.040686773242370015,48.50142903112483,3.5663746735498316,0.9347100249689001,0.5930684219968456,0.9242979999222009,0.658788040713108,True,True,0.010412025046699247,-0.06571961871626242
113,10.0,9.999999999999998,13.602903244566967,106.19018007561596,0.4735618345203334,83.69936074007242,0.040686773242370015,48.50142903112483,3.5663746735498316,0.9389881501469775,0.5848044287408807,0.9242979999222009,0.658788040713108,True,True,0.0146901502247766,-0.07398361197222736
114,3.0,3.0000000000000013,14.369449568872358,143.87121647020544,0.5464447946935579,105.38826016935971,0.06000786862640299,57.46799100073557,3.4068632829286827,0.9505737788320278,0.6614477764740175,0.9489888597931513,0.6996574141102013,True,True,0.0015849190388764756,-0.03820963763618379
114,4.19,4.189999999999999,14.369449568872358,143.87121647020544,0.5464447946935579,105.38826016935971,0.06000786862640299,57.46799100073557,3.4068632829286827,0.9511240691008753,0.6394547948266982,0.9489888597931513,0.6996574141102013,True,True,0.0021352093077240397,-0.06020261928350312
114,6.0,6.000000000000004,14.369449568872358,143.87121647020544,0.5464447946935579,105.38826016935971,0.06000786862640299,57.46799100073557,3.4068632829286827,0.9523515313032388,0.6205296796966107,0.9489888597931513,0.6996574141102013,True,True,0.0033626715100875115,-0.07912773441359067
114,10.0,10.000000000000004,14.369449568872358,143.87121647020544,0.5464447946935579,105.38826016935971,0.06000786862640299,57.46799100073557,3.4068632829286827,0.9540776501673541,0.5992782936848688,0.9489888597931513,0.6996574141102013,True,True,0.005088790374202845,-0.10037912042533248
115,3.0,3.000000000000001,13.307182433573615,135.2881287426839,0.3929098234345596,93.67387758540723,0.0566401657299548,44.12078793014311,2.9360978844316836,0.9470900532445629,0.6283078709692049,0.9473492124395098,0.6831096804303654,False,True,-0.00025915919494690076,-0.05480180946116042
115,4.19,4.190000000000003,13.307182433573615,135.2881287426839,0.3929098234345596,93.67387758540723,0.0566401657299548,44.12078793014311,2.9360978844316836,0.947280191247743,0.6138274443781723,0.9473492124395098,0.6831096804303654,False,True,-6.902119176677157e-05,-0.06928223605219308
115,6.0,6.0,13.307182433573615,135.2881287426839,0.3929098234345596,93.67387758540723,0.0566401657299548,44.12078793014311,2.9360978844316836,0.9473036148058352,0.5980223444669751,0.9473492124395098,0.6831096804303654,False,True,-4.5597633674510085e-05,-0.08508733596339024
115,10.0,10.000000000000004,13.307182433573615,135.2881287426839,0.3929098234345596,93.67387758540723,0.0566401657299548,44.12078793014311,2.9360978844316836,0.9474921272371998,0.5887780223205364,0.9473492124395098,0.6831096804303654,True,True,0.00014291479769001914,-0.09433165810982891
116,3.0,3.0,14.884207882591872,107.41329275861351,0.5622290349851903,87.12271214940999,0.028372194717983752,40.470076766702206,3.9592833913789667,0.9311184201349852,0.63766673055453,0.9248950215726593,0.6793771844799107,True,True,0.006223398562325899,-0.04171045392538064
116,4.19,4.1899999999999995,14.884207882591872,107.41329275861351,0.5622290349851903,87.12271214940999,0.028372194717983752,40.470076766702206,3.9592833913789667,0.9347644742192227,0.6163963711541004,0.9248950215726593,0.6793771844799107,True,True,0.00986945264656336,-0.06298081332581029
116,6.0,6.000000000000002,14.884207882591872,107.41329275861351,0.5622290349851903,87.12271214940999,0.028372194717983752,40.470076766702206,3.9592833913789667,0.9397709203772866,0.6007486829254759,0.9248950215726593,0.6793771844799107,True,True,0.014875898804627252,-0.0786285015544348
116,10.0,9.999999999999998,14.884207882591872,107.41329275861351,0.5622290349851903,87.12271214940999,0.028372194717983752,40.470076766702206,3.9592833913789667,0.9462839600129277,0.5902163988784219,0.9248950215726593,0.6793771844799107,True,True,0.021388938440268346,-0.08916078560148877
117,3.0,3.000000000000001,13.968514798686826,145.7398340968598,0.21962622510972993,105.10425045224312,0.07822155898469621,52.83996389249516,2.630243000684774,0.9532978401492503,0.653303389669742,0.9569891634092698,0.7069275076204836,False,True,-0.003691323260019419,-0.05362411795074162
117,4.19,4.189999999999999,13.968514798686826,145.7398340968598,0.21962622510972993,105.10425045224312,0.07822155898469621,52.83996389249516,2.630243000684774,0.9516459898789683,0.6298076266346326,0.9569891634092698,0.7069275076204836,False,True,-0.005343173530301448,-0.07711988098585099
117,6.0,6.000000000000003,13.968514798686826,145.7398340968598,0.21962622510972993,105.10425045224312,0.07822155898469621,52.83996389249516,2.630243000684774,0.9503244227473636,0.611117282638531,0.9569891634092698,0.7069275076204836,False,True,-0.006664740661906143,-0.09581022498195257
117,10.0,10.000000000000002,13.968514798686826,145.7398340968598,0.21962622510972993,105.10425045224312,0.07822155898469621,52.83996389249516,2.630243000684774,0.9490978300480319,0.5939027383252878,0.9569891634092698,0.7069275076204836,False,True,-0.007891333361237818,-0.11302476929519578
118,3.0,3.0000000000000004,12.089741958466872,89.90464993192612,0.35522107072137876,105.84847169730038,0.03864589754786313,45.536714793800286,3.001348988841671,0.9542214037234475,0.6212373895026392,0.94879015873892,0.6575356317382816,True,True,0.005431244984527517,-0.036298242235642375
118,4.19,4.1899999999999995,12.089741958466872,89.90464993192612,0.35522107072137876,105.84847169730038,0.03864589754786313,45.536714793800286,3.001348988841671,0.9566761526261423,0.6106935932411041,0.94879015873892,0.6575356317382816,True,True,0.00788599388722222,-0.046842038497177496
118,6.0,5.999999999999997,12.089741958466872,89.90464993192612,0.35522107072137876,105.84847169730038,0.03864589754786313,45.536714793800286,3.001348988841671,0.9594357113688728,0.6030817655076097,0.94879015873892,0.6575356317382816,True,True,0.010645552629952815,-0.05445386623067183
118,10.0,10.000000000000004,12.089741958466872,89.90464993192612,0.35522107072137876,105.84847169730038,0.03864589754786313,45.536714793800286,3.001348988841671,0.9624118644275171,0.5978945713410719,0.94879015873892,0.6575356317382816,True,True,0.013621705688597108,-0.05964106039720962
119,3.0,3.000000000000001,15.277828563907008,121.43143115188195,0.5223725833568773,94.8105882992561,0.05919136062505918,47.237047067807694,3.217817835411797,0.9397864508028348,0.6603023504551743,0.9368817135821098,0.703319919598892,True,True,0.00290473722072504,-0.04301756914371768
119,4.19,4.190000000000002,15.277828563907008,121.43143115188195,0.5223725833568773,94.8105882992561,0.05919136062505918,47.237047067807694,3.217817835411797,0.9408112058907909,0.6353984674821054,0.9368817135821098,0.703319919598892,True,True,0.003929492308681115,-0.06792145211678657
119,6.0,6.0000000000000036,15.277828563907008,121.43143115188195,0.5223725833568773,94.8105882992561,0.05919136062505918,47.237047067807694,3.217817835411797,0.9426818548308961,0.6132813808340106,0.9368817135821098,0.703319919598892,True,True,0.00580014124878625,-0.09003853876488133
119,10.0,10.000000000000005,15.277828563907008,121.43143115188195,0.5223725833568773,94.8105882992561,0.05919136062505918,47.237047067807694,3.217817835411797,0.9454180274295738,0.5924407067743886,0.9368817135821098,0.703319919598892,True,True,0.008536313847464005,-0.1108792128245033
120,3.0,3.0000000000000018,12.153275388281703,150.74670568591586,0.4110500066363838,97.76765570522753,0.040032839073602014,59.002938166892676,4.318139202307743,0.9562679412891527,0.62860186555338,0.955755089665546,0.6557532534316312,True,True,0.0005128516236067027,-0.02715138787825111
120,4.19,4.19,12.153275388281703,150.74670568591586,0.4110500066363838,97.76765570522753,0.040032839073602014,59.002938166892676,4.318139202307743,0.9565770096783901,0.6169157482239429,0.955755089665546,0.6557532534316312,True,True,0.0008219200128440907,-0.03883750520768825
120,6.0,6.000000000000002,12.153275388281703,150.74670568591586,0.4110500066363838,97.76765570522753,0.040032839073602014,59.002938166892676,4.318139202307743,0.9568662870108547,0.6048810138955669,0.955755089665546,0.6557532534316312,True,True,0.0011111973453087343,-0.050872239536064234
120,10.0,9.999999999999996,12.153275388281703,150.74670568591586,0.4110500066363838,97.76765570522753,0.040032839073602014,59.002938166892676,4.318139202307743,0.9572650078189604,0.5970967846273283,0.955755089665546,0.6557532534316312,True,True,0.0015099181534143913,-0.058656468804302864
121,3.0,3.0,12.26811591430193,57.11392818871498,0.4268450378220153,104.06652000339368,0.05052961805632321,51.20677531061604,3.094173561271284,0.8961975892681573,0.575728674044256,0.8793368718646289,0.5885578561590153,True,True,0.016860717403528347,-0.012829182114759363
121,4.19,4.190000000000002,12.26811591430193,57.11392818871498,0.4268450378220153,104.06652000339368,0.05052961805632321,51.20677531061604,3.094173561271284,0.9049568043213848,0.5731910967706277,0.8793368718646289,0.5885578561590153,True,True,0.025619932456755867,-0.015366759388387607
121,6.0,5.999999999999999,12.26811591430193,57.11392818871498,0.4268450378220153,104.06652000339368,0.05052961805632321,51.20677531061604,3.094173561271284,0.9165453272979174,0.5739057051777612,0.8793368718646289,0.5885578561590153,True,True,0.037208455433288434,-0.014652150981254164
121,10.0,10.0,12.26811591430193,57.11392818871498,0.4268450378220153,104.06652000339368,0.05052961805632321,51.20677531061604,3.094173561271284,0.9342796617842091,0.5788705835242457,0.8793368718646289,0.5885578561590153,True,True,0.054942789919580126,-0.00968727263476965
122,3.0,3.0,17.30845231083329,126.59476972536036,0.27189921153550795,104.41235382156636,0.0518273143298104,59.470357819150365,2.8984937056332445,0.9632215333823196,0.7248842130634291,0.9643952342499523,0.7608189638439116,False,True,-0.0011737008676326877,-0.03593475078048247
122,4.19,4.1899999999999995,17.30845231083329,126.59476972536036,0.27189921153550795,104.41235382156636,0.0518273143298104,59.470357819150365,2.8984937056332445,0.9624321249468498,0.704590772574866,0.9643952342499523,0.7608189638439116,False,True,-0.001963109303102506,-0.05622819126904555
122,6.0,6.0,17.30845231083329,126.59476972536036,0.27189921153550795,104.41235382156636,0.0518273143298104,59.470357819150365,2.8984937056332445,0.9611253377708009,0.6735866894501052,0.9643952342499523,0.7608189638439116,False,True,-0.003269896479151435,-0.08723227439380632
122,10.0,10.000000000000002,17.30845231083329,126.59476972536036,0.27189921153550795,104.41235382156636,0.0518273143298104,59.470357819150365,2.8984937056332445,0.9589310246570972,0.6243056272960086,0.9643952342499523,0.7608189638439116,False,True,-0.005464209592855096,-0.13651333654790299
123,3.0,2.9999999999999982,14.842843875306482,169.6285499675235,0.4381900798742221,86.85126049388765,0.02896697480046801,50.71534554484832,2.5953599886562584,0.9506977845736807,0.6665157716496097,0.9505602124109036,0.7150079258402324,True,True,0.00013757216277709983,-0.048492154190622694
123,4.19,4.190000000000003,14.842843875306482,169.6285499675235,0.4381900798742221,86.85126049388765,0.02896697480046801,50.71534554484832,2.5953599886562584,0.9504753014718765,0.6413547376995882,0.9505602124109036,0.7150079258402324,False,True,-8.491093902707192e-05,-0.07365318814064425
123,6.0,6.0,14.842843875306482,169.6285499675235,0.4381900798742221,86.85126049388765,0.02896697480046801,50.71534554484832,2.5953599886562584,0.9503088781808309,0.6185988451750126,0.9505602124109036,0.7150079258402324,False,True,-0.0002513342300727306,-0.0964090806652198
123,10.0,10.000000000000002,14.842843875306482,169.6285499675235,0.4381900798742221,86.85126049388765,0.02896697480046801,50.71534554484832,2.5953599886562584,0.9500663599590138,0.595811319419982,0.9505602124109036,0.7150079258402324,False,True,-0.0004938524518898202,-0.11919660642025043
124,3.0,2.999999999999999,14.394997433192637,80.33653862534362,0.2943229325365062,96.10730002807277,0.028036091281700225,43.01614462087653,4.301716226329347,0.9548527537405551,0.6559138498264774,0.9525000414563303,0.6978733522287329,True,True,0.002352712284224845,-0.041959502402255544
124,4.19,4.1899999999999995,14.394997433192637,80.33653862534362,0.2943229325365062,96.10730002807277,0.028036091281700225,43.01614462087653,4.301716226329347,0.9560566781250079,0.6321780286981927,0.9525000414563303,0.6978733522287329,True,True,0.0035566366686776707,-0.0656953235305402
124,6.0,6.000000000000003,14.394997433192637,80.33653862534362,0.2943229325365062,96.10730002807277,0.028036091281700225,43.01614462087653,4.301716226329347,0.9575983230806013,0.613737153458229,0.9525000414563303,0.6978733522287329,True,True,0.005098281624271062,-0.08413619877050393
124,10.0,9.999999999999996,14.394997433192637,80.33653862534362,0.2943229325365062,96.10730002807277,0.028036091281700225,43.01614462087653,4.301716226329347,0.9592327528233296,0.5994111618693211,0.9525000414563303,0.6978733522287329,True,True,0.006732711366999378,-0.09846219035941184
125,3.0,3.000000000000001,13.265908222839014,57.92158259706284,0.16741505419641523,108.88205775954228,0.043519291300049265,50.51256302428379,2.7622295596282824,0.9629262936815964,0.6482314006728688,0.9624400070290137,0.6994190707369886,True,True,0.00048628665258276804,-0.05118767006411984
125,4.19,4.189999999999998,13.265908222839014,57.92158259706284,0.16741505419641523,108.88205775954228,0.043519291300049265,50.51256302428379,2.7622295596282824,0.9632157959211346,0.6317928457376598,0.9624400070290137,0.6994190707369886,True,True,0.0007757888921209322,-0.0676262249993288
125,6.0,5.999999999999998,13.265908222839014,57.92158259706284,0.16741505419641523,108.88205775954228,0.043519291300049265,50.51256302428379,2.7622295596282824,0.9634847568967807,0.6152511339682458,0.9624400070290137,0.6994190707369886,True,True,0.0010447498677670364,-0.08416793676874279
125,10.0,9.999999999999998,13.265908222839014,57.92158259706284,0.16741505419641523,108.88205775954228,0.043519291300049265,50.51256302428379,2.7622295596282824,0.9638116780414633,0.6026178434586517,0.9624400070290137,0.6994190707369886,True,True,0.0013716710124496156,-0.09680122727833695
126,3.0,2.9999999999999987,16.571919993754243,108.51609130805156,0.40117937197886255,107.0227667269798,0.06105781460996222,44.73635071393654,4.349546045590051,0.9554238512472663,0.6968719264210274,0.9544228569280417,0.7328494646690161,True,True,0.001000994319224513,-0.03597753824798877
126,4.19,4.1899999999999995,16.571919993754243,108.51609130805156,0.40117937197886255,107.0227667269798,0.06105781460996222,44.73635071393654,4.349546045590051,0.955531193207903,0.6708073849223517,0.9544228569280417,0.7328494646690161,True,True,0.0011083362798612884,-0.062042079746664425
126,6.0,6.0,16.571919993754243,108.51609130805156,0.40117937197886255,107.0227667269798,0.06105781460996222,44.73635071393654,4.349546045590051,0.9552368874505536,0.6343170319673902,0.9544228569280417,0.7328494646690161,True,True,0.0008140305225118327,-0.09853243270162593
126,10.0,9.999999999999995,16.571919993754243,108.51609130805156,0.40117937197886255,107.0227667269798,0.06105781460996222,44.73635071393654,4.349546045590051,0.9555201333494956,0.602182020610894,0.9544228569280417,0.7328494646690161,True,True,0.0010972764214538522,-0.13066744405812214
127,3.0,3.0000000000000004,14.07394541814071,63.76959004173749,0.17805760950515406,99.19517181457455,0.034978060868239666,54.015147215062754,4.129822848444803,0.9599374789591287,0.6636740784365244,0.9596927556527437,0.7017321981674789,True,True,0.0002447233063850307,-0.03805811973095452
127,4.19,4.1899999999999995,14.07394541814071,63.76959004173749,0.17805760950515406,99.19517181457455,0.034978060868239666,54.015147215062754,4.129822848444803,0.9598799330360731,0.640346343852573,0.9596927556527437,0.7017321981674789,True,True,0.0001871773833294066,-0.06138585431490584
127,6.0,6.000000000000002,14.07394541814071,63.76959004173749,0.17805760950515406,99.19517181457455,0.034978060868239666,54.015147215062754,4.129822848444803,0.9600150671080278,0.621866735043062,0.9596927556527437,0.7017321981674789,True,True,0.00032231145528405225,-0.07986546312441689
127,10.0,10.000000000000007,14.07394541814071,63.76959004173749,0.17805760950515406,99.19517181457455,0.034978060868239666,54.015147215062754,4.129822848444803,0.9600674800994197,0.6023718133132528,0.9596927556527437,0.7017321981674789,True,True,0.00037472444667596694,-0.09936038485422605
128,3.0,2.999999999999999,15.014515960615737,97.84828646502716,0.3010692134689486,88.56409008594656,0.05799828643279062,41.447935019474734,4.0677618769253066,0.9423023274122408,0.6530470043718473,0.9425941028168544,0.6993318947400429,False,True,-0.000291775404613559,-0.04628489036819561
128,4.19,4.189999999999999,15.014515960615737,97.84828646502716,0.3010692134689486,88.56409008594656,0.05799828643279062,41.447935019474734,4.0677618769253066,0.9417610827440845,0.6251248062448256,0.9425941028168544,0.6993318947400429,False,True,-0.0008330200727698633,-0.07420708849521729
128,6.0,6.0,15.014515960615737,97.84828646502716,0.3010692134689486,88.56409008594656,0.05799828643279062,41.447935019474734,4.0677618769253066,0.9415870031114775,0.6039261771812777,0.9425941028168544,0.6993318947400429,False,True,-0.0010070997053769348,-0.09540571755876515
128,10.0,9.999999999999995,15.014515960615737,97.84828646502716,0.3010692134689486,88.56409008594656,0.05799828643279062,41.447935019474734,4.0677618769253066,0.9414907491692824,0.5874396375862558,0.9425941028168544,0.6993318947400429,False,True,-0.0011033536475719696,-0.11189225715378703
129,3.0,3.0000000000000004,12.345685707727107,62.862136091761954,0.4951154475523972,101.93784368291607,0.0754748862866442,53.17585400624513,3.38195478171434,0.8772272068137608,0.5615293897813789,0.8603309188981865,0.5700145329506454,True,True,0.016896287915574293,-0.008485143169266518
129,4.19,4.189999999999999,12.345685707727107,62.862136091761954,0.4951154475523972,101.93784368291607,0.0754748862866442,53.17585400624513,3.38195478171434,0.8864319904529981,0.5602377988288756,0.8603309188981865,0.5700145329506454,True,True,0.026101071554811672,-0.009776734121769826
129,6.0,5.999999999999999,12.345685707727107,62.862136091761954,0.4951154475523972,101.93784368291607,0.0754748862866442,53.17585400624513,3.38195478171434,0.8987864605133583,0.5622090715342299,0.8603309188981865,0.5700145329506454,True,True,0.03845554161517184,-0.007805461416415471
129,10.0,10.000000000000005,12.345685707727107,62.862136091761954,0.4951154475523972,101.93784368291607,0.0754748862866442,53.17585400624513,3.38195478171434,0.9181563373632647,0.5683927634637358,0.8603309188981865,0.5700145329506454,True,True,0.05782541846507827,-0.0016217694869096189
130,3.0,3.0,14.551945015198195,92.99229604391053,0.2410499850374915,81.46525549001505,0.0650326207939438,43.29481037319965,3.0638089799268187,0.931843912806904,0.634955452088512,0.9337056095435781,0.6900545138780709,False,True,-0.0018616967366740234,-0.05509906178955892
130,4.19,4.189999999999999,14.551945015198195,92.99229604391053,0.2410499850374915,81.46525549001505,0.0650326207939438,43.29481037319965,3.0638089799268187,0.9309295610656849,0.6119996164722777,0.9337056095435781,0.6900545138780709,False,True,-0.002776048477893145,-0.07805489740579319
130,6.0,6.000000000000002,14.551945015198195,92.99229604391053,0.2410499850374915,81.46525549001505,0.0650326207939438,43.29481037319965,3.0638089799268187,0.9301922694834172,0.5929685954545207,0.9337056095435781,0.6900545138780709,False,True,-0.0035133400601609077,-0.09708591842355019
130,10.0,10.0,14.551945015198195,92.99229604391053,0.2410499850374915,81.46525549001505,0.0650326207939438,43.29481037319965,3.0638089799268187,0.9296211244277206,0.5788082214051803,0.9337056095435781,0.6900545138780709,False,True,-0.004084485115857461,-0.11124629247289064
131,3.0,3.0000000000000004,14.962523985780189,50.255231852865414,0.44875498935475666,97.38539737392414,0.026739037035152402,46.61193947091583,3.5328077468208647,0.8853725734998226,0.5981940329421752,0.8735979852066967,0.630800482917317,True,True,0.011774588293125832,-0.03260644997514184
131,4.19,4.189999999999999,14.962523985780189,50.255231852865414,0.44875498935475666,97.38539737392414,0.026739037035152402,46.61193947091583,3.5328077468208647,0.8936666839572898,0.5865759806045936,0.8735979852066967,0.630800482917317,True,True,0.020068698750593028,-0.04422450231272346
131,6.0,5.999999999999999,14.962523985780189,50.255231852865414,0.44875498935475666,97.38539737392414,0.026739037035152402,46.61193947091583,3.5328077468208647,0.9062270367074081,0.5791219825656442,0.8735979852066967,0.630800482917317,True,True,0.03262905150071138,-0.051678500351672874
131,10.0,10.000000000000005,14.962523985780189,50.255231852865414,0.44875498935475666,97.38539737392414,0.026739037035152402,46.61193947091583,3.5328077468208647,0.9279493937025682,0.5794864390609926,0.8735979852066967,0.630800482917317,True,True,0.0543514084958715,-0.05131404385632443
132,3.0,2.9999999999999987,16.06943097693044,148.8654996819887,0.5038508983473862,104.9779742286206,0.03897933024680442,48.34274377138608,2.953588934744887,0.9615931664291224,0.6983871424596018,0.9600519185344083,0.7412604794678407,True,True,0.001541247894714104,-0.04287333700823892
132,4.19,4.190000000000003,16.06943097693044,148.8654996819887,0.5038508983473862,104.9779742286206,0.03897933024680442,48.34274377138608,2.953588934744887,0.9619051097806404,0.6735356389563111,0.9600519185344083,0.7412604794678407,True,True,0.0018531912462320665,-0.0677248405115296
132,6.0,6.000000000000002,16.06943097693044,148.8654996819887,0.5038508983473862,104.9779742286206,0.03897933024680442,48.34274377138608,2.953588934744887,0.9619959132983403,0.63910531119558,0.9600519185344083,0.7412604794678407,True,True,0.0019439947639320332,-0.10215516827226068
132,10.0,9.999999999999996,16.06943097693044,148.8654996819887,0.5038508983473862,104.9779742286206,0.03897933024680442,48.34274377138608,2.953588934744887,0.9623962060227341,0.6080529852918416,0.9600519185344083,0.7412604794678407,True,True,0.0023442874883258247,-0.13320749417599909
133,3.0,2.9999999999999996,12.786565967901154,122.57435347505705,0.3728856369210146,102.81359748728212,0.057728067984856524,58.93959863245507,2.808454182143732,0.9530900542933505,0.6334764667730494,0.9527298403637402,0.6771875751187061,True,True,0.00036021392961027576,-0.043711108345656724
133,4.19,4.1899999999999995,12.786565967901154,122.57435347505705,0.3728856369210146,102.81359748728212,0.057728067984856524,58.93959863245507,2.808454182143732,0.953588850311009,0.6218189245006615,0.9527298403637402,0.6771875751187061,True,True,0.0008590099472688406,-0.055368650618044635
133,6.0,5.999999999999999,12.786565967901154,122.57435347505705,0.3728856369210146,102.81359748728212,0.057728067984856524,58.93959863245507,2.808454182143732,0.9540071984229631,0.6077437526982106,0.9527298403637402,0.6771875751187061,True,True,0.0012773580592229106,-0.06944382242049552
133,10.0,10.0,12.786565967901154,122.57435347505705,0.3728856369210146,102.81359748728212,0.057728067984856524,58.93959863245507,2.808454182143732,0.9546426891609433,0.5966882080117303,0.9527298403637402,0.6771875751187061,True,True,0.0019128487972031039,-0.0804993671069758
134,3.0,3.0,12.371416393796007,86.57297397578972,0.3848125627801514,97.06845496094886,0.04326225680801103,49.87089840696364,3.5976501164986585,0.9408802785320852,0.6144985907327134,0.9350911207121646,0.6437678767066177,True,True,0.005789157819920621,-0.029269285973904324
134,4.19,4.1899999999999995,12.371416393796007,86.57297397578972,0.3848125627801514,97.06845496094886,0.04326225680801103,49.87089840696364,3.5976501164986585,0.9439881109430371,0.6043323159474837,0.9350911207121646,0.6437678767066177,True,True,0.008896990230872537,-0.039435560759134014
134,6.0,5.999999999999999,12.371416393796007,86.57297397578972,0.3848125627801514,97.06845496094886,0.04326225680801103,49.87089840696364,3.5976501164986585,0.9477103357650586,0.595824873460888,0.9350911207121646,0.6437678767066177,True,True,0.012619215052893984,-0.047943003245729754
134,10.0,9.999999999999998,12.371416393796007,86.57297397578972,0.3848125627801514,97.06845496094886,0.04326225680801103,49.87089840696364,3.5976501164986585,0.9524799031780327,0.5917995588217935,0.9350911207121646,0.6437678767066177,True,True,0.017388782465868058,-0.051968317884824256
135,3.0,3.0000000000000004,16.04581616983516,103.98003889945869,0.3770616884418637,88.99718925424335,0.05400415786049534,45.05488174543414,3.8617610646285727,0.9421192724527757,0.6743817025587573,0.9409666698986253,0.7145406078412174,True,True,0.0011526025541503948,-0.04015890528246013
135,4.19,4.190000000000002,16.04581616983516,103.98003889945869,0.3770616884418637,88.99718925424335,0.05400415786049534,45.05488174543414,3.8617610646285727,0.9422381451120393,0.6476274549457814,0.9409666698986253,0.7145406078412174,True,True,0.001271475213413975,-0.06691315289543598
135,6.0,5.999999999999998,16.04581616983516,103.98003889945869,0.3770616884418637,88.99718925424335,0.05400415786049534,45.05488174543414,3.8617610646285727,0.9424272393952015,0.6181789247037233,0.9409666698986253,0.7145406078412174,True,True,0.0014605694965761362,-0.09636168313749416
135,10.0,10.000000000000007,16.04581616983516,103.98003889945869,0.3770616884418637,88.99718925424335,0.05400415786049534,45.05488174543414,3.8617610646285727,0.9429267387884788,0.5914611802512103,0.9409666698986253,0.7145406078412174,True,True,0.00196006888985345,-0.12307942759000712
136,3.0,3.0,12.559972891708705,152.43642005532988,0.2770281132178719,104.80806597062512,0.06890743274030454,56.22690263160977,2.680528100987589,0.9546250699899098,0.6309358884454417,0.957208937823092,0.6785447417554608,False,True,-0.0025838678331822074,-0.04760885331001907
136,4.19,4.19,12.559972891708705,152.43642005532988,0.2770281132178719,104.80806597062512,0.06890743274030454,56.22690263160977,2.680528100987589,0.953926973309049,0.6182045468803649,0.957208937823092,0.6785447417554608,False,True,-0.0032819645140430564,-0.0603401948750959
136,6.0,5.9999999999999964,12.559972891708705,152.43642005532988,0.2770281132178719,104.80806597062512,0.06890743274030454,56.22690263160977,2.680528100987589,0.9531067176696092,0.6038814847748563,0.957208937823092,0.6785447417554608,False,True,-0.004102220153482827,-0.0746632569806045
136,10.0,10.000000000000002,12.559972891708705,152.43642005532988,0.2770281132178719,104.80806597062512,0.06890743274030454,56.22690263160977,2.680528100987589,0.9525323908614345,0.5939949198767528,0.957208937823092,0.6785447417554608,False,True,-0.004676546961657535,-0.08454982187870796
137,3.0,3.000000000000001,17.330162553868945,118.85371988425517,0.15390421748036143,86.56398367491664,0.05020475219360264,43.18861260554658,2.55806569731175,0.9471888128466063,0.6980266702442,0.9495499035999513,0.7488447750442039,False,True,-0.0023610907533450076,-0.05081810480000393
137,4.19,4.19,17.330162553868945,118.85371988425517,0.15390421748036143,86.56398367491664,0.05020475219360264,43.18861260554658,2.55806569731175,0.9459123026522237,0.6708312159683733,0.9495499035999513,0.7488447750442039,False,True,-0.0036376009477275817,-0.07801355907583063
137,6.0,6.0,17.330162553868945,118.85371988425517,0.15390421748036143,86.56398367491664,0.05020475219360264,43.18861260554658,2.55806569731175,0.9440530085557071,0.6313541653403528,0.9495499035999513,0.7488447750442039,False,True,-0.005496895044244221,-0.11749060970385106
137,10.0,10.000000000000004,17.330162553868945,118.85371988425517,0.15390421748036143,86.56398367491664,0.05020475219360264,43.18861260554658,2.55806569731175,0.9423267894743821,0.5947988350326114,0.9495499035999513,0.7488447750442039,False,True,-0.007223114125569197,-0.15404594001159244
138,3.0,3.0,13.771189665309914,43.589270454137456,0.3905608474429578,95.81992774111751,0.03712107163439259,48.03011054260759,2.9017562367602996,0.8744311549330119,0.5726283266384649,0.8581261353263792,0.598836613598714,True,True,0.016305019606632776,-0.026208286960249128
138,4.19,4.190000000000002,13.771189665309914,43.589270454137456,0.3905608474429578,95.81992774111751,0.03712107163439259,48.03011054260759,2.9017562367602996,0.8845252497896874,0.5682498508270565,0.8581261353263792,0.598836613598714,True,True,0.026399114463308226,-0.030586762771657505
138,6.0,6.000000000000001,13.771189665309914,43.589270454137456,0.3905608474429578,95.81992774111751,0.03712107163439259,48.03011054260759,2.9017562367602996,0.8981630944130354,0.565571428292819,0.8581261353263792,0.598836613598714,True,True,0.040036959086656276,-0.03326518530589495
138,10.0,10.0,13.771189665309914,43.589270454137456,0.3905608474429578,95.81992774111751,0.03712107163439259,48.03011054260759,2.9017562367602996,0.9211947014241685,0.5726814646166669,0.8581261353263792,0.598836613598714,True,True,0.06306856609778932,-0.02615514898204707
139,3.0,3.000000000000001,17.59271159427781,82.30426482153689,0.17955628214390218,88.15441582592968,0.05557521850768084,53.7077172808179,2.501736419784616,0.9478052668365294,0.7091497685934707,0.9493521869982896,0.7502896142410879,False,True,-0.001546920161760168,-0.04113984564761719
139,4.19,4.189999999999999,17.59271159427781,82.30426482153689,0.17955628214390218,88.15441582592968,0.05557521850768084,53.7077172808179,2.501736419784616,0.9468226022538809,0.68714242327665,0.9493521869982896,0.7502896142410879,False,True,-0.002529584744408675,-0.06314719096443788
139,6.0,5.999999999999998,17.59271159427781,82.30426482153689,0.17955628214390218,88.15441582592968,0.05557521850768084,53.7077172808179,2.501736419784616,0.945211211353362,0.6535228850547286,0.9493521869982896,0.7502896142410879,False,True,-0.004140975644927658,-0.09676672918635931
139,10.0,9.999999999999996,17.59271159427781,82.30426482153689,0.17955628214390218,88.15441582592968,0.05557521850768084,53.7077172808179,2.501736419784616,0.9428832110639456,0.6068685639838912,0.9493521869982896,0.7502896142410879,False,True,-0.0064689759343440345,-0.14342105025719665
140,3.0,3.0000000000000013,14.311133918409718,131.25220389757519,0.4148350851757513,109.44374955931231,0.058629169882825544,42.41911327410845,3.2966679572013606,0.9581770332520095,0.657286809028538,0.9579325177757475,0.710453397417344,True,True,0.0002445154762620305,-0.05316658838880606
140,4.19,4.190000000000001,14.311133918409718,131.25220389757519,0.4148350851757513,109.44374955931231,0.058629169882825544,42.41911327410845,3.2966679572013606,0.9581048586341685,0.6327897454647788,0.9579325177757475,0.710453397417344,True,True,0.000172340858420994,-0.0776636519525652
140,6.0,6.0000000000000036,14.311133918409718,131.25220389757519,0.4148350851757513,109.44374955931231,0.058629169882825544,42.41911327410845,3.2966679572013606,0.9583116646558635,0.6133325281667776,0.9579325177757475,0.710453397417344,True,True,0.00037914688011597697,-0.0971208692505664
140,10.0,10.000000000000004,14.311133918409718,131.25220389757519,0.4148350851757513,109.44374955931231,0.058629169882825544,42.41911327410845,3.2966679572013606,0.9585905532530955,0.5985612834147351,0.9579325177757475,0.710453397417344,True,True,0.0006580354773479957,-0.1118921140026089
141,3.0,3.0000000000000013,12.494922597934934,151.90802099028048,0.308188924911045,106.48846785419374,0.07180607740894493,41.50857624531084,4.137531587962514,0.9542273208212669,0.6241553074984728,0.9563194954118444,0.665298997787898,False,True,-0.0020921745905774225,-0.04114369028942522
141,4.19,4.190000000000002,12.494922597934934,151.90802099028048,0.308188924911045,106.48846785419374,0.07180607740894493,41.50857624531084,4.137531587962514,0.9534407944452432,0.6092875095837514,0.9563194954118444,0.665298997787898,False,True,-0.0028787009666011443,-0.05601148820414659
141,6.0,5.999999999999998,12.494922597934934,151.90802099028048,0.308188924911045,106.48846785419374,0.07180607740894493,41.50857624531084,4.137531587962514,0.9528412552631614,0.598243081586071,0.9563194954118444,0.665298997787898,False,True,-0.0034782401486829206,-0.06705591620182705
141,10.0,10.000000000000004,12.494922597934934,151.90802099028048,0.308188924911045,106.48846785419374,0.07180607740894493,41.50857624531084,4.137531587962514,0.9524098809605493,0.5907562257542485,0.9563194954118444,0.665298997787898,False,True,-0.003909614451295007,-0.07454277203364956
142,3.0,2.9999999999999996,17.401515224067644,147.14015553405906,0.30503913708693475,85.2441418407171,0.07225567954862287,44.41436725599897,4.251075973225941,0.9393800511600198,0.6916999087732856,0.9416604393185181,0.7302820206435555,False,True,-0.002280388158498292,-0.03858211187026994
142,4.19,4.19,17.401515224067644,147.14015553405906,0.30503913708693475,85.2441418407171,0.07225567954862287,44.41436725599897,4.251075973225941,0.9376591471920882,0.6647787302511218,0.9416604393185181,0.7302820206435555,False,True,-0.004001292126429856,-0.06550329039243374
142,6.0,5.999999999999999,17.401515224067644,147.14015553405906,0.30503913708693475,85.2441418407171,0.07225567954862287,44.41436725599897,4.251075973225941,0.9350602800817963,0.625567854866139,0.9416604393185181,0.7302820206435555,False,True,-0.006600159236721748,-0.10471416577741655
142,10.0,10.000000000000004,17.401515224067644,147.14015553405906,0.30503913708693475,85.2441418407171,0.07225567954862287,44.41436725599897,4.251075973225941,0.9325885567713095,0.5888368331613505,0.9416604393185181,0.7302820206435555,False,True,-0.009071882547208587,-0.14144518748220503
143,3.0,3.0,14.454723129500287,139.0718773222577,0.4766973945093612,95.61913171766909,0.07558191303484516,57.215161493321595,3.2202124846044295,0.9412172331119468,0.6528859269558439,0.9411330940610342,0.6938058865314338,True,True,8.413905091264606e-05,-0.040919959575589915
143,4.19,4.190000000000001,14.454723129500287,139.0718773222577,0.4766973945093612,95.61913171766909,0.07558191303484516,57.215161493321595,3.2202124846044295,0.9409268020530624,0.6302294272325544,0.9411330940610342,0.6938058865314338,False,True,-0.0002062920079717312,-0.06357645929887945
143,6.0,6.0,14.454723129500287,139.0718773222577,0.4766973945093612,95.61913171766909,0.07558191303484516,57.215161493321595,3.2202124846044295,0.9412039152478661,0.6114795622052434,0.9411330940610342,0.6938058865314338,True,True,7.082118683188199e-05,-0.08232632432619047
143,10.0,9.999999999999996,14.454723129500287,139.0718773222577,0.4766973945093612,95.61913171766909,0.07558191303484516,57.215161493321595,3.2202124846044295,0.9415850786594457,0.5904763229213282,0.9411330940610342,0.6938058865314338,True,True,0.0004519845984115589,-0.10332956361010559
144,3.0,2.9999999999999982,16.740108273440796,115.76053145040301,0.24572119898074607,100.56080567056276,0.06674845271788213,57.69827943981361,4.159757829036769,0.9562248885596442,0.7082946491463218,0.9577933313271938,0.740224925467444,False,True,-0.0015684427675496382,-0.03193027632112222
144,4.19,4.190000000000001,16.740108273440796,115.76053145040301,0.24572119898074607,100.56080567056276,0.06674845271788213,57.69827943981361,4.159757829036769,0.9550350276670613,0.6863583579128053,0.9577933313271938,0.740224925467444,False,True,-0.0027583036601325217,-0.0538665675546387
144,6.0,6.000000000000002,16.740108273440796,115.76053145040301,0.24572119898074607,100.56080567056276,0.06674845271788213,57.69827943981361,4.159757829036769,0.9531137746779368,0.6528561080861665,0.9577933313271938,0.740224925467444,False,True,-0.004679556649257011,-0.08736881738127755
144,10.0,9.999999999999998,16.740108273440796,115.76053145040301,0.24572119898074607,100.56080567056276,0.06674845271788213,57.69827943981361,4.159757829036769,0.9505885553535459,0.6101168119021669,0.9577933313271938,0.740224925467444,False,True,-0.007204775973647881,-0.13010811356527707
145,3.0,3.000000000000001,16.701259930466662,166.69067365341945,0.2624836929347677,98.99705680747793,0.07119645687155512,49.66423219165282,3.209894223177537,0.9538508442606312,0.7006219080641173,0.9565921498247848,0.7439647289051649,False,True,-0.00274130556415364,-0.04334282084104757
145,4.19,4.190000000000002,16.701259930466662,166.69067365341945,0.2624836929347677,98.99705680747793,0.07119645687155512,49.66423219165282,3.209894223177537,0.9521986158104823,0.6751524367250618,0.9565921498247848,0.7439647289051649,False,True,-0.004393534014302536,-0.0688122921801031
145,6.0,6.000000000000002,16.701259930466662,166.69067365341945,0.2624836929347677,98.99705680747793,0.07119645687155512,49.66423219165282,3.209894223177537,0.9497631032653153,0.6380104158033959,0.9565921498247848,0.7439647289051649,False,True,-0.006829046559469476,-0.10595431310176895
145,10.0,9.999999999999998,16.701259930466662,166.69067365341945,0.2624836929347677,98.99705680747793,0.07119645687155512,49.66423219165282,3.209894223177537,0.9473194298413128,0.6010127099131617,0.9565921498247848,0.7439647289051649,False,True,-0.009272719983472011,-0.14295201899200316
146,3.0,2.9999999999999996,15.512747703776125,154.81888796529717,0.523700905572535,105.58256186887085,0.06801425610237341,46.77284275676645,2.7832036360141172,0.9532091127535988,0.6785874924154494,0.9528065595854045,0.7268869688695954,True,True,0.000402553168194264,-0.048299476454146006
146,4.19,4.190000000000003,15.512747703776125,154.81888796529717,0.523700905572535,105.58256186887085,0.06801425610237341,46.77284275676645,2.7832036360141172,0.9527925768659412,0.651423056393441,0.9528065595854045,0.7268869688695954,False,True,-1.3982719463290216e-05,-0.07546391247615436
146,6.0,6.000000000000001,15.512747703776125,154.81888796529717,0.523700905572535,105.58256186887085,0.06801425610237341,46.77284275676645,2.7832036360141172,0.9525027260165503,0.6236578523674692,0.9528065595854045,0.7268869688695954,False,True,-0.0003038335688542171,-0.10322911650212618
146,10.0,10.000000000000005,15.512747703776125,154.81888796529717,0.523700905572535,105.58256186887085,0.06801425610237341,46.77284275676645,2.7832036360141172,0.9524045858544543,0.5977094007660467,0.9528065595854045,0.7268869688695954,False,True,-0.0004019737309501892,-0.12917756810354863
147,3.0,3.0000000000000004,15.151273625049022,59.23498956407294,0.48449018302734603,84.01867721682356,0.07446090885124354,56.554493676605205,3.1983377435144176,0.8654602359569449,0.5876541317958335,0.8573313257350076,0.6187230224271959,True,True,0.008128910221937291,-0.031068890631362422
147,4.19,4.19,15.151273625049022,59.23498956407294,0.48449018302734603,84.01867721682356,0.07446090885124354,56.554493676605205,3.1983377435144176,0.8707669620711294,0.5740662520079686,0.8573313257350076,0.6187230224271959,True,True,0.01343563633612177,-0.04465677041922733
147,6.0,6.000000000000003,15.151273625049022,59.23498956407294,0.48449018302734603,84.01867721682356,0.07446090885124354,56.554493676605205,3.1983377435144176,0.8804355364852618,0.566826774043413,0.8573313257350076,0.6187230224271959,True,True,0.02310421075025426,-0.05189624838378293
147,10.0,10.000000000000002,15.151273625049022,59.23498956407294,0.48449018302734603,84.01867721682356,0.07446090885124354,56.554493676605205,3.1983377435144176,0.8975840354868253,0.561417620976879,0.8573313257350076,0.6187230224271959,True,True,0.04025270975181772,-0.05730540145031693
148,3.0,3.0000000000000004,17.031148078314256,67.41494625501447,0.42425474576405964,107.29576762406928,0.04552028122428517,47.76517836308588,4.386270929145167,0.9337239048660494,0.6828215509503541,0.9282824158135593,0.7109719569323921,True,True,0.005441489052490089,-0.028150405982037996
148,4.19,4.189999999999999,17.031148078314256,67.41494625501447,0.42425474576405964,107.29576762406928,0.04552028122428517,47.76517836308588,4.386270929145167,0.9369413589543085,0.6621514035922198,0.9282824158135593,0.7109719569323921,True,True,0.00865894314074922,-0.048820553340172324
148,6.0,5.999999999999998,17.031148078314256,67.41494625501447,0.42425474576405964,107.29576762406928,0.04552028122428517,47.76517836308588,4.386270929145167,0.941102177431995,0.6314940393394151,0.9282824158135593,0.7109719569323921,True,True,0.012819761618435677,-0.07947791759297707
148,10.0,9.999999999999998,17.031148078314256,67.41494625501447,0.42425474576405964,107.29576762406928,0.04552028122428517,47.76517836308588,4.386270929145167,0.9500655754930901,0.6035753457534758,0.9282824158135593,0.7109719569323921,True,True,0.021783159679530817,-0.1073966111789163
149,3.0,3.0000000000000013,15.70641615780838,127.5402972492674,0.3942653269913796,97.6957604897852,0.07799736015632855,51.572338053106925,4.454776280543641,0.9463360991538545,0.6778574315336725,0.9471075850499221,0.712509861471991,False,True,-0.0007714858960675697,-0.03465242993831852
149,4.19,4.1899999999999995,15.70641615780838,127.5402972492674,0.3942653269913796,97.6957604897852,0.07799736015632855,51.572338053106925,4.454776280543641,0.9453805356909937,0.6524858208903697,0.9471075850499221,0.712509861471991,False,True,-0.001727049358928423,-0.06002404058162136
149,6.0,6.000000000000002,15.70641615780838,127.5402972492674,0.3942653269913796,97.6957604897852,0.07799736015632855,51.572338053106925,4.454776280543641,0.9441279591784433,0.6219800302755168,0.9471075850499221,0.712509861471991,False,True,-0.0029796258714788193,-0.09052983119647418
149,10.0,10.000000000000004,15.70641615780838,127.5402972492674,0.3942653269913796,97.6957604897852,0.07799736015632855,51.572338053106925,4.454776280543641,0.9430248744464401,0.5926909267419186,0.9471075850499221,0.712509861471991,False,True,-0.004082710603481976,-0.11981893473007244
150,3.0,2.9999999999999982,12.891132959532998,69.92031321385033,0.26477131921094504,89.0834200457642,0.05713127624564987,55.44664902166059,3.873359145148446,0.9353558851135128,0.6173130194578182,0.9331973652207711,0.6511722504125094,True,True,0.0021585198927416283,-0.03385923095469112
150,4.19,4.190000000000002,12.891132959532998,69.92031321385033,0.26477131921094504,89.0834200457642,0.05713127624564987,55.44664902166059,3.873359145148446,0.9369599709989825,0.6067544173259054,0.9331973652207711,0.6511722504125094,True,True,0.003762605778211414,-0.044417833086603964
150,6.0,6.0,12.891132959532998,69.92031321385033,0.26477131921094504,89.0834200457642,0.05713127624564987,55.44664902166059,3.873359145148446,0.9387090736921888,0.5944889894733681,0.9331973652207711,0.6511722504125094,True,True,0.005511708471417687,-0.05668326093914122
150,10.0,10.0,12.891132959532998,69.92031321385033,0.26477131921094504,89.0834200457642,0.05713127624564987,55.44664902166059,3.873359145148446,0.9411194513627349,0.5864146092190815,0.9331973652207711,0.6511722504125094,True,True,0.007922086141963769,-0.06475764119342786
151,3.0,2.9999999999999996,13.627334100413577,155.28769307661915,0.553957262977491,106.76358422452103,0.04119683390983367,57.075383709892165,4.181027232062194,0.9582016092234213,0.6544416070397531,0.9565896665117825,0.6896065659257324,True,True,0.0016119427116388918,-0.03516495888597937
151,4.19,4.19,13.627334100413577,155.28769307661915,0.553957262977491,106.76358422452103,0.04119683390983367,57.075383709892165,4.181027232062194,0.9591056053332213,0.6350654987685482,0.9565896665117825,0.6896065659257324,True,True,0.0025159388214388567,-0.05454106715718421
151,6.0,6.000000000000002,13.627334100413577,155.28769307661915,0.553957262977491,106.76358422452103,0.04119683390983367,57.075383709892165,4.181027232062194,0.9604994896463631,0.6195923891811501,0.9565896665117825,0.6896065659257324,True,True,0.003909823134580659,-0.07001417674458232
151,10.0,9.999999999999996,13.627334100413577,155.28769307661915,0.553957262977491,106.76358422452103,0.04119683390983367,57.075383709892165,4.181027232062194,0.9622376705863941,0.603763185852634,0.9565896665117825,0.6896065659257324,True,True,0.0056480040746116345,-0.08584338007309844
152,3.0,3.000000000000001,14.29468854692528,133.06028441498353,0.31245528062791694,93.41882827233621,0.07059105810702114,49.150130028965435,3.1458357463437667,0.9454101225330446,0.6488096072629416,0.9477398336626334,0.6993832183375674,False,True,-0.0023297111295887962,-0.05057361107462588
152,4.19,4.1899999999999995,14.29468854692528,133.06028441498353,0.31245528062791694,93.41882827233621,0.07059105810702114,49.150130028965435,3.1458357463437667,0.9441332873433887,0.6244619191444564,0.9477398336626334,0.6993832183375674,False,True,-0.003606546319244619,-0.07492129919311108
152,6.0,6.000000000000001,14.29468854692528,133.06028441498353,0.31245528062791694,93.41882827233621,0.07059105810702114,49.150130028965435,3.1458357463437667,0.9431623344950133,0.605346078737632,0.9477398336626334,0.6993832183375674,False,True,-0.004577499167620069,-0.09403713959993543
152,10.0,9.999999999999996,14.29468854692528,133.06028441498353,0.31245528062791694,93.41882827233621,0.07059105810702114,49.150130028965435,3.1458357463437667,0.9422756465757335,0.5888100269124005,0.9477398336626334,0.6993832183375674,False,True,-0.005464187086899885,-0.11057319142516697
153,3.0,3.0000000000000004,16.93715505991538,133.70533920323697,0.3613681945432941,107.7303071956,0.06157595628637805,53.23965644084265,2.536422214678232,0.9612546167335252,0.7143638574601094,0.9620772444546156,0.7563982538150809,False,True,-0.0008226277210904298,-0.042034396354971415
153,4.19,4.1899999999999995,16.93715505991538,133.70533920323697,0.3613681945432941,107.7303071956,0.06157595628637805,53.23965644084265,2.536422214678232,0.9604828911225584,0.6915774247459814,0.9620772444546156,0.7563982538150809,False,True,-0.0015943533320572634,-0.06482082906909947
153,6.0,6.000000000000003,16.93715505991538,133.70533920323697,0.3613681945432941,107.7303071956,0.06157595628637805,53.23965644084265,2.536422214678232,0.9590275225838633,0.6566568043739165,0.9620772444546156,0.7563982538150809,False,True,-0.0030497218707523643,-0.09974144944116436
153,10.0,10.000000000000002,16.93715505991538,133.70533920323697,0.3613681945432941,107.7303071956,0.06157595628637805,53.23965644084265,2.536422214678232,0.9570812766261281,0.6131486022421284,0.9620772444546156,0.7563982538150809,False,True,-0.004995967828487546,-0.14324965157295244
154,3.0,3.000000000000001,13.078193008687455,170.73943012189753,0.39915953457497877,81.10827183203469,0.05621383224263722,50.87776229763538,3.4335072448483848,0.9335563417737255,0.6162877157951022,0.9349310524535195,0.6603688970017755,False,True,-0.001374710679794,-0.04408118120667326
154,4.19,4.189999999999999,13.078193008687455,170.73943012189753,0.39915953457497877,81.10827183203469,0.05621383224263722,50.87776229763538,3.4335072448483848,0.933207322981993,0.6032641615001102,0.9349310524535195,0.6603688970017755,False,True,-0.0017237294715264362,-0.05710473550166528
154,6.0,5.999999999999999,13.078193008687455,170.73943012189753,0.39915953457497877,81.10827183203469,0.05621383224263722,50.87776229763538,3.4335072448483848,0.9327269776873901,0.5888078100940243,0.9349310524535195,0.6603688970017755,False,True,-0.0022040747661293825,-0.0715610869077512
154,10.0,9.999999999999998,13.078193008687455,170.73943012189753,0.39915953457497877,81.10827183203469,0.05621383224263722,50.87776229763538,3.4335072448483848,0.9324421800399808,0.5796148430878825,0.9349310524535195,0.6603688970017755,False,True,-0.0024888724135386786,-0.08075405391389301
155,3.0,2.9999999999999996,16.981532416017593,156.0475734124729,0.5745520759811676,94.03253714997209,0.05266799023521489,47.0649109150055,3.2467164124938517,0.9483812397949108,0.6971436761323344,0.9469324608889789,0.7370161112979515,True,True,0.00144877890593198,-0.039872435165617115
155,4.19,4.1899999999999995,16.981532416017593,156.0475734124729,0.5745520759811676,94.03253714997209,0.05266799023521489,47.0649109150055,3.2467164124938517,0.9486283697390545,0.6729754872841052,0.9469324608889789,0.7370161112979515,True,True,0.0016959088500756447,-0.06404062401384636
155,6.0,6.000000000000002,16.981532416017593,156.0475734124729,0.5745520759811676,94.03253714997209,0.05266799023521489,47.0649109150055,3.2467164124938517,0.9484628509758151,0.6371247772200102,0.9469324608889789,0.7370161112979515,True,True,0.0015303900868361975,-0.09989133407794137
155,10.0,10.000000000000004,16.981532416017593,156.0475734124729,0.5745520759811676,94.03253714997209,0.05266799023521489,47.0649109150055,3.2467164124938517,0.9486760990748584,0.6015243639356971,0.9469324608889789,0.7370161112979515,True,True,0.0017436381858795258,-0.13549174736225444
156,3.0,3.0000000000000004,16.145193619527696,129.64724990090832,0.243200330978305,93.88835460219865,0.07079436344616734,40.34359154187021,4.100283180195972,0.9482243467755543,0.6784401854365228,0.9510298709532792,0.7249876043941615,False,True,-0.0028055241777248385,-0.0465474189576387
156,4.19,4.19,16.145193619527696,129.64724990090832,0.243200330978305,93.88835460219865,0.07079436344616734,40.34359154187021,4.100283180195972,0.946220993401287,0.6469727276791836,0.9510298709532792,0.7249876043941615,False,True,-0.004808877551992219,-0.07801487671497798
156,6.0,6.000000000000001,16.145193619527696,129.64724990090832,0.243200330978305,93.88835460219865,0.07079436344616734,40.34359154187021,4.100283180195972,0.9442114602009429,0.6158748466289311,0.9510298709532792,0.7249876043941615,False,True,-0.006818410752336246,-0.10911275776523044
156,10.0,10.0,16.145193619527696,129.64724990090832,0.243200330978305,93.88835460219865,0.07079436344616734,40.34359154187021,4.100283180195972,0.9425116667855015,0.5899310685797976,0.9510298709532792,0.7249876043941615,False,True,-0.00851820416777771,-0.13505653581436394
157,3.0,2.9999999999999996,17.57424720695,54.08010556815608,0.3680606024777817,81.51141390728766,0.055974902512490904,56.87716607656708,2.8741053231756846,0.8999159925976586,0.6606492357726439,0.8936409321474942,0.6899448336661844,True,True,0.00627506045016446,-0.029295597893540526
157,4.19,4.190000000000001,17.57424720695,54.08010556815608,0.3680606024777817,81.51141390728766,0.055974902512490904,56.87716607656708,2.8741053231756846,0.9028659331017945,0.6437291557122425,0.8936409321474942,0.6899448336661844,True,True,0.009225000954300344,-0.04621567795394188
157,6.0,5.999999999999998,17.57424720695,54.08010556815608,0.3680606024777817,81.51141390728766,0.055974902512490904,56.87716607656708,2.8741053231756846,0.9067005691867843,0.617565838068137,0.8936409321474942,0.6899448336661844,True,True,0.01305963703929014,-0.07237899559804739
157,10.0,10.0,17.57424720695,54.08010556815608,0.3680606024777817,81.51141390728766,0.055974902512490904,56.87716607656708,2.8741053231756846,0.9156221879218792,0.587050632578434,0.8936409321474942,0.6899448336661844,True,True,0.021981255774385033,-0.10289420108775038
158,3.0,3.0,13.899137054434098,112.44409075865569,0.5110064149514278,100.78941057921881,0.031153482153226233,42.70517435326029,3.1855906447469726,0.9490824437899676,0.6399852529382497,0.9434613717560482,0.6882326646895839,True,True,0.005621072033919483,-0.04824741175133418
158,4.19,4.1899999999999995,13.899137054434098,112.44409075865569,0.5110064149514278,100.78941057921881,0.031153482153226233,42.70517435326029,3.1855906447469726,0.9521036101370527,0.623476371667728,0.9434613717560482,0.6882326646895839,True,True,0.00864223838100453,-0.06475629302185593
158,6.0,6.000000000000002,13.899137054434098,112.44409075865569,0.5110064149514278,100.78941057921881,0.031153482153226233,42.70517435326029,3.1855906447469726,0.9557114172624818,0.608434385050625,0.9434613717560482,0.6882326646895839,True,True,0.012250045506433604,-0.07979827963895891
158,10.0,9.999999999999998,13.899137054434098,112.44409075865569,0.5110064149514278,100.78941057921881,0.031153482153226233,42.70517435326029,3.1855906447469726,0.9601546240112876,0.5989143865698875,0.9434613717560482,0.6882326646895839,True,True,0.016693252255239432,-0.08931827811969639
159,3.0,2.9999999999999996,14.539615696928056,69.19648788741367,0.363478721188326,80.17229788598692,0.036782766419463125,49.27709477241382,3.926306845278466,0.9169613896785781,0.624147231316287,0.9116651556104907,0.6600354638210201,True,True,0.005296234068087435,-0.03588823250473305
159,4.19,4.19,14.539615696928056,69.19648788741367,0.363478721188326,80.17229788598692,0.036782766419463125,49.27709477241382,3.926306845278466,0.9202534007406405,0.6064214673681165,0.9116651556104907,0.6600354638210201,True,True,0.008588245130149885,-0.053613996452903545
159,6.0,5.999999999999998,14.539615696928056,69.19648788741367,0.363478721188326,80.17229788598692,0.036782766419463125,49.27709477241382,3.926306845278466,0.9250054256882413,0.5925107739850883,0.9116651556104907,0.6600354638210201,True,True,0.013340270077750627,-0.06752468983593174
159,10.0,10.000000000000005,14.539615696928056,69.19648788741367,0.363478721188326,80.17229788598692,0.036782766419463125,49.27709477241382,3.926306845278466,0.9319239702796052,0.5821016103225238,0.9116651556104907,0.6600354638210201,True,True,0.0202588146691145,-0.07793385349849624
160,3.0,3.0000000000000004,17.831358942774852,85.8787621365384,0.25493722819149955,83.82492810027668,0.07634450300368421,56.392912606443296,3.05145174234167,0.935024048275453,0.7001569756008703,0.9359747062905129,0.7356976645023663,False,True,-0.0009506580150598909,-0.035540688901495976
160,4.19,4.190000000000002,17.831358942774852,85.8787621365384,0.25493722819149955,83.82492810027668,0.07634450300368421,56.392912606443296,3.05145174234167,0.9341476478011457,0.6794433432417076,0.9359747062905129,0.7356976645023663,False,True,-0.0018270584893672615,-0.05625432126065866
160,6.0,6.0,17.831358942774852,85.8787621365384,0.25493722819149955,83.82492810027668,0.07634450300368421,56.392912606443296,3.05145174234167,0.9324935119787243,0.6475823225234201,0.9359747062905129,0.7356976645023663,False,True,-0.0034811943117886157,-0.08811534197894622
160,10.0,10.000000000000002,17.831358942774852,85.8787621365384,0.25493722819149955,83.82492810027668,0.07634450300368421,56.392912606443296,3.05145174234167,0.9298194232010464,0.6006598065685773,0.9359747062905129,0.7356976645023663,False,True,-0.006155283089466557,-0.13503785793378897
161,3.0,3.000000000000001,15.905719892569786,48.0968755041635,0.3281807367000534,97.1707525553105,0.039383473006563474,52.20225927950991,4.355203237690997,0.9176591837018004,0.6513987837611597,0.9114178012189944,0.678606651616904,True,True,0.006241382482806035,-0.02720786785574436
161,4.19,4.190000000000003,15.905719892569786,48.0968755041635,0.3281807367000534,97.1707525553105,0.039383473006563474,52.20225927950991,4.355203237690997,0.9214756390001125,0.6315712011602271,0.9114178012189944,0.678606651616904,True,True,0.010057837781118129,-0.0470354504566769
161,6.0,6.000000000000001,15.905719892569786,48.0968755041635,0.3281807367000534,97.1707525553105,0.039383473006563474,52.20225927950991,4.355203237690997,0.9275541078201011,0.6100220396939906,0.9114178012189944,0.678606651616904,True,True,0.016136306601106654,-0.06858461192291343
161,10.0,10.000000000000005,15.905719892569786,48.0968755041635,0.3281807367000534,97.1707525553105,0.039383473006563474,52.20225927950991,4.355203237690997,0.9393950794725945,0.5916929894700931,0.9114178012189944,0.678606651616904,True,True,0.02797727825360008,-0.08691366214681095
162,3.0,2.9999999999999996,12.97809236705963,153.83846952326945,0.42942286033692,81.68085293947483,0.0490906527430491,41.22509195571472,4.056480360774968,0.9353850111613833,0.6128495668855715,0.9353295128044321,0.6538620857909342,True,True,5.5498356951177996e-05,-0.04101251890536273
162,4.19,4.19,12.97809236705963,153.83846952326945,0.42942286033692,81.68085293947483,0.0490906527430491,41.22509195571472,4.056480360774968,0.9355053227098293,0.5983213663803257,0.9353295128044321,0.6538620857909342,True,True,0.0001758099053972284,-0.05554071941060845
162,6.0,5.999999999999999,12.97809236705963,153.83846952326945,0.42942286033692,81.68085293947483,0.0490906527430491,41.22509195571472,4.056480360774968,0.9356472957840033,0.5869103249804636,0.9353295128044321,0.6538620857909342,True,True,0.0003177829795711906,-0.0669517608104706
162,10.0,9.999999999999998,12.97809236705963,153.83846952326945,0.42942286033692,81.68085293947483,0.0490906527430491,41.22509195571472,4.056480360774968,0.935766298911769,0.5794637565879093,0.9353295128044321,0.6538620857909342,True,True,0.00043678610733688394,-0.07439832920302492
163,3.0,3.000000000000001,15.741223502421706,144.79847136930903,0.2752402717830517,102.34405412051619,0.03307548482197324,40.96154067657562,3.3312469384154832,0.9655215601891007,0.6912733682271922,0.9666707700385475,0.7424045655256251,False,True,-0.001149209849446775,-0.05113119729843285
163,4.19,4.1899999999999995,15.741223502421706,144.79847136930903,0.2752402717830517,102.34405412051619,0.03307548482197324,40.96154067657562,3.3312469384154832,0.9647123565337886,0.6607196446346362,0.9666707700385475,0.7424045655256251,False,True,-0.0019584135047588935,-0.08168492089098889
163,6.0,6.000000000000002,15.741223502421706,144.79847136930903,0.2752402717830517,102.34405412051619,0.03307548482197324,40.96154067657562,3.3312469384154832,0.9638768694925403,0.630245507435777,0.9666707700385475,0.7424045655256251,False,True,-0.0027939005460072552,-0.11215905808984805
163,10.0,9.999999999999995,15.741223502421706,144.79847136930903,0.2752402717830517,102.34405412051619,0.03307548482197324,40.96154067657562,3.3312469384154832,0.963139366054869,0.604213243285521,0.9666707700385475,0.7424045655256251,False,True,-0.0035314039836784605,-0.1381913222401041
164,3.0,3.0,15.63402987414512,50.07979613017357,0.4518326464883997,96.57886066956215,0.06314143672677745,48.137881247329474,4.262263215875569,0.8724995067709873,0.597648040620838,0.8640058250511855,0.6264800804541643,True,True,0.008493681719801804,-0.028832039833326273
164,4.19,4.19,15.63402987414512,50.07979613017357,0.4518326464883997,96.57886066956215,0.06314143672677745,48.137881247329474,4.262263215875569,0.8788282663845259,0.5815257680489344,0.8640058250511855,0.6264800804541643,True,True,0.01482244133334043,-0.044954312405229846
164,6.0,6.000000000000002,15.63402987414512,50.07979613017357,0.4518326464883997,96.57886066956215,0.06314143672677745,48.137881247329474,4.262263215875569,0.8906286198331353,0.5735962930277702,0.8640058250511855,0.6264800804541643,True,True,0.026622794781949843,-0.0528837874263941
164,10.0,9.999999999999995,15.63402987414512,50.07979613017357,0.4518326464883997,96.57886066956215,0.06314143672677745,48.137881247329474,4.262263215875569,0.9115007675270681,0.5698894394518003,0.8640058250511855,0.6264800804541643,True,True,0.047494942475882596,-0.056590641002363995
165,3.0,2.999999999999999,17.65039586974395,74.53550071056767,0.1879609969783832,80.79753168007423,0.03246433117274718,52.736718086197726,3.785606949759799,0.9430115819794563,0.7043035852253299,0.9431947412462366,0.7376077051286605,False,True,-0.00018315926678025285,-0.0333041199033306
165,4.19,4.19,17.65039586974395,74.53550071056767,0.1879609969783832,80.79753168007423,0.03246433117274718,52.736718086197726,3.785606949759799,0.9426798769409156,0.6827131939327865,0.9431947412462366,0.7376077051286605,False,True,-0.0005148643053209945,-0.05489451119587396
165,6.0,5.999999999999998,17.65039586974395,74.53550071056767,0.1879609969783832,80.79753168007423,0.03246433117274718,52.736718086197726,3.785606949759799,0.9419773032642225,0.6496410669471604,0.9431947412462366,0.7376077051286605,False,True,-0.0012174379820141246,-0.08796663818150008
165,10.0,9.999999999999998,17.65039586974395,74.53550071056767,0.1879609969783832,80.79753168007423,0.03246433117274718,52.736718086197726,3.785606949759799,0.9408768199681649,0.60455269128298,0.9431947412462366,0.7376077051286605,False,True,-0.002317921278071733,-0.13305501384568053
166,3.0,3.0000000000000004,14.58989158585629,169.3971300411626,0.5568375156932656,103.11659521714473,0.05934013772893533,59.101195838824225,3.3679218636941743,0.9535418934229255,0.6699265348626398,0.9530814004324953,0.7079902910415244,True,True,0.00046049299043016134,-0.03806375617888469
166,4.19,4.190000000000003,14.58989158585629,169.3971300411626,0.5568375156932656,103.11659521714473,0.05934013772893533,59.101195838824225,3.3679218636941743,0.9534451884329613,0.6474130987029262,0.9530814004324953,0.7079902910415244,True,True,0.00036378800046599213,-0.06057719233859826
166,6.0,6.000000000000002,14.58989158585629,169.3971300411626,0.5568375156932656,103.11659521714473,0.05934013772893533,59.101195838824225,3.3679218636941743,0.9535713008954805,0.6248719091680633,0.9530814004324953,0.7079902910415244,True,True,0.0004899004629851378,-0.0831183818734611
166,10.0,10.000000000000005,14.58989158585629,169.3971300411626,0.5568375156932656,103.11659521714473,0.05934013772893533,59.101195838824225,3.3679218636941743,0.953815881222711,0.5998039475112428,0.9530814004324953,0.7079902910415244,True,True,0.0007344807902156525,-0.10818634353028167
167,3.0,2.9999999999999996,12.833235644120306,83.2483378290518,0.3341760736991303,86.97679605714951,0.0796799711213156,47.31990133795745,3.974954680368297,0.923105072428603,0.6034289676413698,0.9202888062154048,0.635541482155277,True,True,0.002816266213198193,-0.032112514513907175
167,4.19,4.1899999999999995,12.833235644120306,83.2483378290518,0.3341760736991303,86.97679605714951,0.0796799711213156,47.31990133795745,3.974954680368297,0.924930607309427,0.591670093995503,0.9202888062154048,0.635541482155277,True,True,0.004641801094022235,-0.04387138815977398
167,6.0,5.999999999999999,12.833235644120306,83.2483378290518,0.3341760736991303,86.97679605714951,0.0796799711213156,47.31990133795745,3.974954680368297,0.9271583645657214,0.5818424602316058,0.9202888062154048,0.635541482155277,True,True,0.006869558350316662,-0.05369902192367115
167,10.0,10.000000000000004,12.833235644120306,83.2483378290518,0.3341760736991303,86.97679605714951,0.0796799711213156,47.31990133795745,3.974954680368297,0.9299788750484339,0.5762353511934765,0.9202888062154048,0.635541482155277,True,True,0.009690068833029142,-0.059306130961800485
168,3.0,3.000000000000001,12.39280802043236,112.69525224164806,0.31180211685119624,92.45720704388219,0.021561208391308297,40.092448454253855,4.321352239198986,0.9574896353050208,0.6251817301570068,0.9562779442354877,0.6610379454320783,True,True,0.0012116910695331162,-0.035856215275071435
168,4.19,4.189999999999999,12.39280802043236,112.69525224164806,0.31180211685119624,92.45720704388219,0.021561208391308297,40.092448454253855,4.321352239198986,0.9580132267350604,0.6115224067435339,0.9562779442354877,0.6610379454320783,True,True,0.0017352824995726657,-0.049515538688544414
168,6.0,5.999999999999998,12.39280802043236,112.69525224164806,0.31180211685119624,92.45720704388219,0.021561208391308297,40.092448454253855,4.321352239198986,0.9584754970397532,0.6018628318049288,0.9562779442354877,0.6610379454320783,True,True,0.002197552804265479,-0.059175113627149445
168,10.0,10.000000000000002,12.39280802043236,112.69525224164806,0.31180211685119624,92.45720704388219,0.021561208391308297,40.092448454253855,4.321352239198986,0.9587758850975647,0.5952067073321199,0.9562779442354877,0.6610379454320783,True,True,0.002497940862076997,-0.06583123809995839
169,3.0,3.0000000000000013,12.003769093801315,56.033869492300425,0.17548944701803204,84.53506155817696,0.030118627721723724,51.81265336692496,3.722903673061185,0.9434139124060222,0.6130345291012486,0.941295053263111,0.6410344370753555,True,True,0.0021188591429112114,-0.027999907974106897
169,4.19,4.19,12.003769093801315,56.033869492300425,0.17548944701803204,84.53506155817696,0.030118627721723724,51.81265336692496,3.722903673061185,0.9443675766386479,0.602400574267436,0.941295053263111,0.6410344370753555,True,True,0.003072523375536873,-0.03863386280791947
169,6.0,5.999999999999997,12.003769093801315,56.033869492300425,0.17548944701803204,84.53506155817696,0.030118627721723724,51.81265336692496,3.722903673061185,0.9453723953239913,0.5936486411758388,0.941295053263111,0.6410344370753555,True,True,0.004077342060880285,-0.047385795899516636
169,10.0,10.000000000000002,12.003769093801315,56.033869492300425,0.17548944701803204,84.53506155817696,0.030118627721723724,51.81265336692496,3.722903673061185,0.9463575919597018,0.5868987307158191,0.941295053263111,0.6410344370753555,True,True,0.00506253869659079,-0.05413570635953635
170,3.0,3.0,12.869772796284062,82.4818098583192,0.3218297189328805,83.06116770028345,0.02517150558932528,46.048866163300545,4.00448935765856,0.9379805592601875,0.6160903460829205,0.934032910615124,0.650635334099579,True,True,0.003947648645063584,-0.03454498801665851
170,4.19,4.19,12.869772796284062,82.4818098583192,0.3218297189328805,83.06116770028345,0.02517150558932528,46.048866163300545,4.00448935765856,0.9401624933447946,0.6038600964378626,0.934032910615124,0.650635334099579,True,True,0.0061295827296706795,-0.04677523766171632
170,6.0,6.0000000000000036,12.869772796284062,82.4818098583192,0.3218297189328805,83.06116770028345,0.02517150558932528,46.048866163300545,4.00448935765856,0.9425274015499362,0.5924944605160944,0.934032910615124,0.650635334099579,True,True,0.008494490934812249,-0.05814087358348452
170,10.0,9.999999999999996,12.869772796284062,82.4818098583192,0.3218297189328805,83.06116770028345,0.02517150558932528,46.048866163300545,4.00448935765856,0.9451690407525343,0.5866455910354637,0.934032910615124,0.650635334099579,True,True,0.011136130137410327,-0.06398974306411531
171,3.0,3.0000000000000004,16.63089273896683,115.11066225069389,0.15047919631336074,82.2912268433757,0.06367676167369005,52.349092843427854,3.6383427218169926,0.9375304185921152,0.6837673237415742,0.9398429925799481,0.7224336863545437,False,True,-0.002312573987832911,-0.03866636261296952
171,4.19,4.19,16.63089273896683,115.11066225069389,0.15047919631336074,82.2912268433757,0.06367676167369005,52.349092843427854,3.6383427218169926,0.9360711273067286,0.6595347753973355,0.9398429925799481,0.7224336863545437,False,True,-0.003771865273219488,-0.06289891095720823
171,6.0,6.000000000000002,16.63089273896683,115.11066225069389,0.15047919631336074,82.2912268433757,0.06367676167369005,52.349092843427854,3.6383427218169926,0.9339578489379938,0.6245494994632292,0.9398429925799481,0.7224336863545437,False,True,-0.005885143641954249,-0.0978841868913145
171,10.0,9.999999999999995,16.63089273896683,115.11066225069389,0.15047919631336074,82.2912268433757,0.06367676167369005,52.349092843427854,3.6383427218169926,0.9319015496687043,0.5905867005465679,0.9398429925799481,0.7224336863545437,False,True,-0.007941442911243768,-0.13184698580797583
172,3.0,3.0,16.610189847861147,164.95383515698572,0.4991475888506569,92.06609679426688,0.05080746253205755,54.45863120189698,4.209760774391741,0.9502075184940554,0.6981588035831747,0.9501810150670018,0.7299442422144959,True,True,2.6503427053570228e-05,-0.03178543863132122
172,4.19,4.190000000000001,16.610189847861147,164.95383515698572,0.4991475888506569,92.06609679426688,0.05080746253205755,54.45863120189698,4.209760774391741,0.949897738422346,0.6759057252610171,0.9501810150670018,0.7299442422144959,False,True,-0.0002832766446557722,-0.05403851695347883
172,6.0,6.0,16.610189847861147,164.95383515698572,0.4991475888506569,92.06609679426688,0.05080746253205755,54.45863120189698,4.209760774391741,0.9491109420237485,0.6426020843630929,0.9501810150670018,0.7299442422144959,False,True,-0.00107007304325335,-0.08734215785140309
172,10.0,10.0,16.610189847861147,164.95383515698572,0.4991475888506569,92.06609679426688,0.05080746253205755,54.45863120189698,4.209760774391741,0.9482165145280964,0.6049389705935699,0.9501810150670018,0.7299442422144959,False,True,-0.0019645005389054004,-0.125005271620926
173,3.0,3.0000000000000004,13.53295633868526,141.7025841320339,0.2854525856982182,82.4501466253434,0.03211105061144504,58.0932321540933,3.968152886993156,0.9443271700685018,0.6383845164253584,0.9450977313974717,0.6765344814555916,False,True,-0.0007705613289699098,-0.03814996503023316
173,4.19,4.1899999999999995,13.53295633868526,141.7025841320339,0.2854525856982182,82.4501466253434,0.03211105061144504,58.0932321540933,3.968152886993156,0.9439507975975682,0.6210517498531863,0.9450977313974717,0.6765344814555916,False,True,-0.0011469337999034934,-0.055482731602405244
173,6.0,5.999999999999999,13.53295633868526,141.7025841320339,0.2854525856982182,82.4501466253434,0.03211105061144504,58.0932321540933,3.968152886993156,0.9435758668382441,0.6044914278313527,0.9450977313974717,0.6765344814555916,False,True,-0.001521864559227537,-0.0720430536242389
173,10.0,10.000000000000005,13.53295633868526,141.7025841320339,0.2854525856982182,82.4501466253434,0.03211105061144504,58.0932321540933,3.968152886993156,0.9432249630539307,0.5899509819010468,0.9450977313974717,0.6765344814555916,False,True,-0.001872768343540998,-0.08658349955454481
174,3.0,3.0000000000000004,12.142860451388549,70.09961588929092,0.5761950547342561,87.75806273129541,0.05636285864506935,44.971696964596845,4.23481950770949,0.8688688022432637,0.5514022602139302,0.8506354159193563,0.5560359654382806,True,True,0.018233386323907363,-0.00463370522435036
174,4.19,4.190000000000002,12.142860451388549,70.09961588929092,0.5761950547342561,87.75806273129541,0.05636285864506935,44.971696964596845,4.23481950770949,0.8797955282710683,0.5512626432905562,0.8506354159193563,0.5560359654382806,True,True,0.02916011235171201,-0.0047733221477244125
174,6.0,6.000000000000001,12.142860451388549,70.09961588929092,0.5761950547342561,87.75806273129541,0.05636285864506935,44.971696964596845,4.23481950770949,0.8943034059084406,0.5573043044644049,0.8506354159193563,0.5560359654382806,True,False,0.04366798998908428,0.0012683390261243321
174,10.0,10.000000000000005,12.142860451388549,70.09961588929092,0.5761950547342561,87.75806273129541,0.05636285864506935,44.971696964596845,4.23481950770949,0.9150718705100547,0.5660997327760872,0.8506354159193563,0.5560359654382806,True,False,0.06443645459069836,0.010063767337806562
175,3.0,3.000000000000001,16.679626169477036,92.53911296970107,0.3723480798838352,98.76286463683002,0.051145860184822894,53.97555587416004,3.49234132543552,0.949904490109727,0.6986066405642626,0.9478674587547612,0.7323583125685295,True,True,0.0020370313549658015,-0.033751672004266875
175,4.19,4.189999999999999,16.679626169477036,92.53911296970107,0.3723480798838352,98.76286463683002,0.051145860184822894,53.97555587416004,3.49234132543552,0.9506254019672945,0.6773794588875796,0.9478674587547612,0.7323583125685295,True,True,0.002757943212533309,-0.0549788536809499
175,6.0,6.000000000000002,16.679626169477036,92.53911296970107,0.3723480798838352,98.76286463683002,0.051145860184822894,53.97555587416004,3.49234132543552,0.9511640622090507,0.6452362973160037,0.9478674587547612,0.7323583125685295,True,True,0.003296603454289504,-0.08712201525252572
175,10.0,9.999999999999996,16.679626169477036,92.53911296970107,0.3723480798838352,98.76286463683002,0.051145860184822894,53.97555587416004,3.49234132543552,0.9523853283509989,0.6083560526676652,0.9478674587547612,0.7323583125685295,True,True,0.004517869596237678,-0.12400225990086422
176,3.0,2.999999999999999,15.402947173925247,105.52970400229505,0.2844029831011152,91.186946126727,0.049727632830061444,49.919386788449515,3.8939959282596712,0.9497772515031709,0.6752188456945426,0.950327230124746,0.7149510884296139,False,True,-0.0005499786215750202,-0.039732242735071255
176,4.19,4.19,15.402947173925247,105.52970400229505,0.2844029831011152,91.186946126727,0.049727632830061444,49.919386788449515,3.8939959282596712,0.9491010495266052,0.6490647824804419,0.950327230124746,0.7149510884296139,False,True,-0.0012261805981407248,-0.065886305949172
176,6.0,5.999999999999997,15.402947173925247,105.52970400229505,0.2844029831011152,91.186946126727,0.049727632830061444,49.919386788449515,3.8939959282596712,0.9483658271592613,0.6216452423480517,0.950327230124746,0.7149510884296139,False,True,-0.0019614029654846377,-0.09330584608156212
176,10.0,9.999999999999996,15.402947173925247,105.52970400229505,0.2844029831011152,91.186946126727,0.049727632830061444,49.919386788449515,3.8939959282596712,0.9475958398088171,0.594876719493065,0.950327230124746,0.7149510884296139,False,True,-0.002731390315928839,-0.12007436893654888
177,3.0,3.0000000000000004,15.071457768094193,85.09303720002386,0.1696851597962521,89.87456598853322,0.04927044834831551,51.45768092588119,3.481763260721209,0.9497040988939217,0.6702120113930975,0.9512927319665275,0.7135165242421321,False,True,-0.0015886330726058162,-0.04330451284903458
177,4.19,4.1899999999999995,15.071457768094193,85.09303720002386,0.1696851597962521,89.87456598853322,0.04927044834831551,51.45768092588119,3.481763260721209,0.9486428477326604,0.6443297604069237,0.9512927319665275,0.7135165242421321,False,True,-0.002649884233867139,-0.06918676383520839
177,6.0,6.000000000000002,15.071457768094193,85.09303720002386,0.1696851597962521,89.87456598853322,0.04927044834831551,51.45768092588119,3.481763260721209,0.9475851186500722,0.6190305676503579,0.9512927319665275,0.7135165242421321,False,True,-0.003707613316455305,-0.09448595659177417
177,10.0,10.0,15.071457768094193,85.09303720002386,0.1696851597962521,89.87456598853322,0.04927044834831551,51.45768092588119,3.481763260721209,0.9464962436978549,0.5938647633198691,0.9512927319665275,0.7135165242421321,False,True,-0.004796488268672627,-0.11965176092226293
178,3.0,3.000000000000001,16.44785465004066,162.23179217108247,0.5778452769298007,108.0792752074808,0.03760156127272121,45.62932326505913,3.320034052859086,0.9631470634473595,0.7041683512119622,0.961234204862829,0.7454801567372228,True,True,0.0019128585845304968,-0.04131180552526059
178,4.19,4.190000000000002,16.44785465004066,162.23179217108247,0.5778452769298007,108.0792752074808,0.03760156127272121,45.62932326505913,3.320034052859086,0.9636771585672116,0.6788483041293565,0.961234204862829,0.7454801567372228,True,True,0.0024429537043826333,-0.0666318526078663
178,6.0,5.999999999999999,16.44785465004066,162.23179217108247,0.5778452769298007,108.0792752074808,0.03760156127272121,45.62932326505913,3.320034052859086,0.9639767944668678,0.6426166629391704,0.961234204862829,0.7454801567372228,True,True,0.0027425896040388364,-0.10286349379805237
178,10.0,10.000000000000004,16.44785465004066,162.23179217108247,0.5778452769298007,108.0792752074808,0.03760156127272121,45.62932326505913,3.320034052859086,0.9646476790792383,0.6098296124407868,0.961234204862829,0.7454801567372228,True,True,0.0034134742164093623,-0.13565054429643597
179,3.0,3.0,15.442093090290205,139.53969473967942,0.516646728639359,90.96795835000874,0.05291447467396017,40.825660636869344,4.29546141148486,0.943378489487805,0.6615358062536454,0.9420362199629242,0.70364104319393,True,True,0.0013422695248808125,-0.04210523694028456
179,4.19,4.190000000000001,15.442093090290205,139.53969473967942,0.516646728639359,90.96795835000874,0.05291447467396017,40.825660636869344,4.29546141148486,0.9436913580202069,0.633039766241794,0.9420362199629242,0.70364104319393,True,True,0.001655138057282679,-0.07060127695213592
179,6.0,6.000000000000001,15.442093090290205,139.53969473967942,0.516646728639359,90.96795835000874,0.05291447467396017,40.825660636869344,4.29546141148486,0.944510775337931,0.6100594375881899,0.9420362199629242,0.70364104319393,True,True,0.0024745553750068483,-0.09358160560574003
179,10.0,10.000000000000004,15.442093090290205,139.53969473967942,0.516646728639359,90.96795835000874,0.05291447467396017,40.825660636869344,4.29546141148486,0.9454974954979438,0.5908942766592822,0.9420362199629242,0.70364104319393,True,True,0.0034612755350196256,-0.11274676653464777
180,3.0,3.0000000000000004,16.735647033770157,125.99770739271861,0.2645786323346816,93.25461359499263,0.022450693253442476,46.89554631979981,3.7404190913868653,0.9610330814596245,0.7071474840340108,0.961401418525479,0.7465883715017231,False,True,-0.0003683370658544849,-0.03944088746771224
180,4.19,4.190000000000002,16.735647033770157,125.99770739271861,0.2645786323346816,93.25461359499263,0.022450693253442476,46.89554631979981,3.7404190913868653,0.9606587099841777,0.6818706010097322,0.961401418525479,0.7465883715017231,False,True,-0.0007427085413013179,-0.0647177704919909
180,6.0,5.999999999999999,16.735647033770157,125.99770739271861,0.2645786323346816,93.25461359499263,0.022450693253442476,46.89554631979981,3.7404190913868653,0.9600183959107631,0.6449327633834289,0.961401418525479,0.7465883715017231,False,True,-0.0013830226147159008,-0.10165560811829422
180,10.0,10.000000000000005,16.735647033770157,125.99770739271861,0.2645786323346816,93.25461359499263,0.022450693253442476,46.89554631979981,3.7404190913868653,0.9593489185437221,0.6084938181683598,0.961401418525479,0.7465883715017231,False,True,-0.002052499981756939,-0.1380945533333633
181,3.0,3.000000000000001,17.478270042626637,53.65489547751473,0.5144174531298812,89.73670752155726,0.06605686550391432,54.28888586583665,2.6452883222263757,0.8654614103767941,0.6229036174804831,0.8561040500625186,0.6521120207713402,True,True,0.009357360314275587,-0.029208403290857166
181,4.19,4.19,17.478270042626637,53.65489547751473,0.5144174531298812,89.73670752155726,0.06605686550391432,54.28888586583665,2.6452883222263757,0.8699880885543106,0.6065728979737766,0.8561040500625186,0.6521120207713402,True,True,0.013884038491792094,-0.04553912279756367
181,6.0,6.000000000000002,17.478270042626637,53.65489547751473,0.5144174531298812,89.73670752155726,0.06605686550391432,54.28888586583665,2.6452883222263757,0.8767570955679106,0.5835110436522462,0.8561040500625186,0.6521120207713402,True,True,0.020653045505392043,-0.06860097711909408
181,10.0,10.0,17.478270042626637,53.65489547751473,0.5144174531298812,89.73670752155726,0.06605686550391432,54.28888586583665,2.6452883222263757,0.8953302067165508,0.5687826537947033,0.8561040500625186,0.6521120207713402,True,True,0.039226156654032285,-0.08332936697663695
182,3.0,3.0000000000000013,17.936682434870654,140.34271660342685,0.5666735287414463,96.8193849359641,0.04155872624488044,59.79788589904811,2.6244214813932363,0.9519375686801427,0.720987117347108,0.9495678839611238,0.7530092388039117,True,True,0.002369684719018883,-0.03202212145680372
182,4.19,4.190000000000001,17.936682434870654,140.34271660342685,0.5666735287414463,96.8193849359641,0.04155872624488044,59.79788589904811,2.6244214813932363,0.9527658439129757,0.7032296917030002,0.9495678839611238,0.7530092388039117,True,True,0.003197959951851903,-0.04977954710091148
182,6.0,6.000000000000005,17.936682434870654,140.34271660342685,0.5666735287414463,96.8193849359641,0.04155872624488044,59.79788589904811,2.6244214813932363,0.9535402022583445,0.6756805953758847,0.9495678839611238,0.7530092388039117,True,True,0.003972318297220667,-0.07732864342802703
182,10.0,9.999999999999998,17.936682434870654,140.34271660342685,0.5666735287414463,96.8193849359641,0.04155872624488044,59.79788589904811,2.6244214813932363,0.954296252489994,0.6257440617253639,0.9495678839611238,0.7530092388039117,True,True,0.004728368528870153,-0.1272651770785478
183,3.0,3.000000000000001,15.959181103233373,157.85246877518102,0.4538513639371249,102.44106990825446,0.07263011277729746,57.13699564931337,3.1791126761280823,0.9531227964829957,0.6925953711350727,0.9540240646668962,0.7309808427118564,False,True,-0.000901268183900461,-0.038385471576783625
183,4.19,4.190000000000002,15.959181103233373,157.85246877518102,0.4538513639371249,102.44106990825446,0.07263011277729746,57.13699564931337,3.1791126761280823,0.9522540739147125,0.6698087311650357,0.9540240646668962,0.7309808427118564,False,True,-0.0017699907521836478,-0.06117211154682067
183,6.0,5.999999999999998,15.959181103233373,157.85246877518102,0.4538513639371249,102.44106990825446,0.07263011277729746,57.13699564931337,3.1791126761280823,0.9507318403629473,0.6367085474528601,0.9540240646668962,0.7309808427118564,False,True,-0.003292224303948821,-0.09427229525899627
183,10.0,10.000000000000004,15.959181103233373,157.85246877518102,0.4538513639371249,102.44106990825446,0.07263011277729746,57.13699564931337,3.1791126761280823,0.9492855902621687,0.603642052018997,0.9540240646668962,0.7309808427118564,False,True,-0.004738474404727411,-0.12733879069285936
184,3.0,3.0000000000000018,16.097270027207493,163.1127597393674,0.569644008590102,91.35423968108518,0.042732208349518935,50.96925794388682,3.6781011637867573,0.9487211375936137,0.6865021552212116,0.947445235116904,0.7232059488201981,True,True,0.0012759024767096117,-0.036703793598986456
184,4.19,4.190000000000001,16.097270027207493,163.1127597393674,0.569644008590102,91.35423968108518,0.042732208349518935,50.96925794388682,3.6781011637867573,0.9490274544267093,0.6628270543882804,0.947445235116904,0.7232059488201981,True,True,0.0015822193098052884,-0.060378894431917685
184,6.0,6.000000000000001,16.097270027207493,163.1127597393674,0.569644008590102,91.35423968108518,0.042732208349518935,50.96925794388682,3.6781011637867573,0.9491300203272436,0.6300489022437384,0.947445235116904,0.7232059488201981,True,True,0.0016847852103395455,-0.09315704657645962
184,10.0,9.999999999999996,16.097270027207493,163.1127597393674,0.569644008590102,91.35423968108518,0.042732208349518935,50.96925794388682,3.6781011637867573,0.9496509667762466,0.600124836551349,0.947445235116904,0.7232059488201981,True,True,0.002205731659342569,-0.1230811122688491
185,3.0,2.999999999999999,14.862319739050402,130.55734180782923,0.4317960218544733,104.45751270330578,0.04481975482747566,53.30068921351011,3.817978616782697,0.958950578686121,0.6776947628882244,0.9579976167129319,0.7153475521682586,True,True,0.0009529619731890593,-0.03765278928003424
185,4.19,4.19,14.862319739050402,130.55734180782923,0.4317960218544733,104.45751270330578,0.04481975482747566,53.30068921351011,3.817978616782697,0.9591340002732573,0.653467480876046,0.9579976167129319,0.7153475521682586,True,True,0.0011363835603254158,-0.061880071292212624
185,6.0,5.999999999999998,14.862319739050402,130.55734180782923,0.4317960218544733,104.45751270330578,0.04481975482747566,53.30068921351011,3.817978616782697,0.9594965875884498,0.6289514584498808,0.9579976167129319,0.7153475521682586,True,True,0.0014989708755178688,-0.08639609371837786
185,10.0,9.999999999999995,14.862319739050402,130.55734180782923,0.4317960218544733,104.45751270330578,0.04481975482747566,53.30068921351011,3.817978616782697,0.9599937842780355,0.6036329934805044,0.9579976167129319,0.7153475521682586,True,True,0.001996167565103568,-0.11171455868775426
186,3.0,3.0,13.337582083604675,104.32636938870377,0.5928741784146617,101.72903724617427,0.05532923791223922,58.466710773268915,2.7134042997673347,0.9238104498770018,0.6141264652938158,0.9169223936628302,0.6508769175079296,True,True,0.006888056214171545,-0.03675045221411388
186,4.19,4.190000000000001,13.337582083604675,104.32636938870377,0.5928741784146617,101.72903724617427,0.05532923791223922,58.466710773268915,2.7134042997673347,0.9283177432212747,0.605664541314185,0.9169223936628302,0.6508769175079296,True,True,0.011395349558444456,-0.04521237619374463
186,6.0,5.999999999999998,13.337582083604675,104.32636938870377,0.5928741784146617,101.72903724617427,0.05532923791223922,58.466710773268915,2.7134042997673347,0.9340882779183084,0.5956458524179558,0.9169223936628302,0.6508769175079296,True,True,0.01716588425547816,-0.055231065089973885
186,10.0,10.000000000000005,13.337582083604675,104.32636938870377,0.5928741784146617,101.72903724617427,0.05532923791223922,58.466710773268915,2.7134042997673347,0.9435419511061729,0.5898281257452581,0.9169223936628302,0.6508769175079296,True,True,0.026619557443342656,-0.06104879176267153
187,3.0,3.0,16.42189978699468,103.52687045409102,0.48950738660334225,102.19831101136703,0.02308366541703941,59.233806042192214,4.219115164410989,0.9530261859609654,0.7007976286116847,0.9495873202295688,0.7268538125091878,True,True,0.003438865731396623,-0.026056183897503082
187,4.19,4.190000000000002,16.42189978699468,103.52687045409102,0.48950738660334225,102.19831101136703,0.02308366541703941,59.233806042192214,4.219115164410989,0.9549466099093726,0.6823447392252749,0.9495873202295688,0.7268538125091878,True,True,0.005359289679803814,-0.04450907328391285
187,6.0,6.000000000000003,16.42189978699468,103.52687045409102,0.48950738660334225,102.19831101136703,0.02308366541703941,59.233806042192214,4.219115164410989,0.9572786398305032,0.6538971282358368,0.9495873202295688,0.7268538125091878,True,True,0.007691319600934388,-0.072956684273351
187,10.0,10.0,16.42189978699468,103.52687045409102,0.48950738660334225,102.19831101136703,0.02308366541703941,59.233806042192214,4.219115164410989,0.9614300003718816,0.6182689598264844,0.9495873202295688,0.7268538125091878,True,True,0.011842680142312823,-0.10858485268270335
188,3.0,2.9999999999999996,17.991147564533108,44.93735078184654,0.5500644488707875,87.36637220211686,0.0613282234584913,48.8157012202808,3.75859617597946,0.825402631462141,0.5861575913276422,0.8153663272384926,0.6110963268546206,True,True,0.010036304223648429,-0.02493873552697834
188,4.19,4.190000000000001,17.991147564533108,44.93735078184654,0.5500644488707875,87.36637220211686,0.0613282234584913,48.8157012202808,3.75859617597946,0.8313328233561639,0.569767314925929,0.8153663272384926,0.6110963268546206,True,True,0.015966496117671314,-0.04132901192869154
188,6.0,6.000000000000003,17.991147564533108,44.93735078184654,0.5500644488707875,87.36637220211686,0.0613282234584913,48.8157012202808,3.75859617597946,0.8423653445902761,0.553427639560857,0.8153663272384926,0.6110963268546206,True,True,0.02699901735178356,-0.05766868729376351
188,10.0,10.0,17.991147564533108,44.93735078184654,0.5500644488707875,87.36637220211686,0.0613282234584913,48.8157012202808,3.75859617597946,0.8692773236896295,0.5477065680883734,0.8153663272384926,0.6110963268546206,True,True,0.05391099645113695,-0.0633897587662472
189,3.0,3.0000000000000013,16.79090199433978,141.15446323027967,0.5265008566931718,100.11021917726679,0.03972551206513272,54.87643040014892,4.111309550517314,0.9562932799129901,0.7076703601528227,0.9547079233719458,0.7377289751821935,True,True,0.0015853565410443027,-0.030058615029370794
189,4.19,4.190000000000002,16.79090199433978,141.15446323027967,0.5265008566931718,100.11021917726679,0.03972551206513272,54.87643040014892,4.111309550517314,0.9569323198566662,0.6868395676603586,0.9547079233719458,0.7377289751821935,True,True,0.0022243964847203923,-0.050889407521834906
189,6.0,5.999999999999997,16.79090199433978,141.15446323027967,0.5265008566931718,100.11021917726679,0.03972551206513272,54.87643040014892,4.111309550517314,0.9573864932086654,0.6547284771653717,0.9547079233719458,0.7377289751821935,True,True,0.0026785698367196575,-0.08300049801682174
189,10.0,10.000000000000005,16.79090199433978,141.15446323027967,0.5265008566931718,100.11021917726679,0.03972551206513272,54.87643040014892,4.111309550517314,0.9581341534714533,0.6143405266578896,0.9547079233719458,0.7377289751821935,True,True,0.003426230099507488,-0.12338844852430386
190,3.0,3.0000000000000004,17.5289553604033,167.50679740925244,0.5433240227168965,82.09816236668323,0.03057847762599533,44.573989529977545,4.024277139027172,0.9429533046471645,0.6973823924547299,0.941904941872298,0.7334954947431556,True,True,0.0010483627748665292,-0.03611310228842568
190,4.19,4.19,17.5289553604033,167.50679740925244,0.5433240227168965,82.09816236668323,0.03057847762599533,44.573989529977545,4.024277139027172,0.943181448014174,0.6727818912782607,0.941904941872298,0.7334954947431556,True,True,0.0012765061418760215,-0.06071360346489485
190,6.0,6.0,17.5289553604033,167.50679740925244,0.5433240227168965,82.09816236668323,0.03057847762599533,44.573989529977545,4.024277139027172,0.9430769199470053,0.6360179109934021,0.941904941872298,0.7334954947431556,True,True,0.0011719780747072583,-0.09747758374975346
190,10.0,10.000000000000002,17.5289553604033,167.50679740925244,0.5433240227168965,82.09816236668323,0.03057847762599533,44.573989529977545,4.024277139027172,0.9429719870528345,0.5979115424756517,0.941904941872298,0.7334954947431556,True,True,0.0010670451805364634,-0.13558395226750386
191,3.0,2.999999999999999,17.7380420822436,157.373324924018,0.34642335267635727,108.7135734875862,0.03707492797996435,48.63745012843065,4.423936206739078,0.9693554672149938,0.7318398370410168,0.9699669700965531,0.7642484593998171,False,True,-0.0006115028815593115,-0.032408622358800265
191,4.19,4.189999999999999,17.7380420822436,157.373324924018,0.34642335267635727,108.7135734875862,0.03707492797996435,48.63745012843065,4.423936206739078,0.9687733921552575,0.708472995558572,0.9699669700965531,0.7642484593998171,False,True,-0.0011935779412955982,-0.0557754638412451
191,6.0,5.999999999999999,17.7380420822436,157.373324924018,0.34642335267635727,108.7135734875862,0.03707492797996435,48.63745012843065,4.423936206739078,0.9677576835619472,0.6727541305843402,0.9699669700965531,0.7642484593998171,False,True,-0.0022092865346058366,-0.09149432881547692
191,10.0,10.000000000000002,17.7380420822436,157.373324924018,0.34642335267635727,108.7135734875862,0.03707492797996435,48.63745012843065,4.423936206739078,0.9662188878310113,0.6224908986553194,0.9699669700965531,0.7642484593998171,False,True,-0.0037480822655417967,-0.14175756074449775
192,3.0,3.0000000000000004,15.47149957092838,68.37197750308275,0.4214403774953801,98.74698254187872,0.05331548702427982,52.93948612323294,3.233063064314694,0.9223767532282385,0.6493619795614203,0.9160472748593154,0.6838266811568786,True,True,0.006329478368923169,-0.034464701595458336
192,4.19,4.1899999999999995,15.47149957092838,68.37197750308275,0.4214403774953801,98.74698254187872,0.05331548702427982,52.93948612323294,3.233063064314694,0.9254918598532463,0.6289679971079932,0.9160472748593154,0.6838266811568786,True,True,0.009444584993930971,-0.05485868404888539
192,6.0,5.999999999999998,15.47149957092838,68.37197750308275,0.4214403774953801,98.74698254187872,0.05331548702427982,52.93948612323294,3.233063064314694,0.9307305996350649,0.6093762157452255,0.9160472748593154,0.6838266811568786,True,True,0.014683324775749518,-0.07445046541165312
192,10.0,10.000000000000004,15.47149957092838,68.37197750308275,0.4214403774953801,98.74698254187872,0.05331548702427982,52.93948612323294,3.233063064314694,0.9402242174097184,0.5904826989126593,0.9160472748593154,0.6838266811568786,True,True,0.024176942550403036,-0.09334398224421936
193,3.0,3.0000000000000004,14.069617939962447,110.53121646961745,0.5295424617311576,108.56111716014132,0.047217508679219825,43.980006516277214,4.410694388043709,0.9462296961848861,0.6414102626140008,0.9419517623381866,0.6797911036240963,True,True,0.0042779338466995,-0.038380841010095534
193,4.19,4.19,14.069617939962447,110.53121646961745,0.5295424617311576,108.56111716014132,0.047217508679219825,43.980006516277214,4.410694388043709,0.9492708483528968,0.6236034818156816,0.9419517623381866,0.6797911036240963,True,True,0.007319086014710208,-0.056187621808414745
193,6.0,5.999999999999999,14.069617939962447,110.53121646961745,0.5295424617311576,108.56111716014132,0.047217508679219825,43.980006516277214,4.410694388043709,0.9532923062694165,0.6085723755638797,0.9419517623381866,0.6797911036240963,True,True,0.011340543931229963,-0.07121872806021667
193,10.0,10.0,14.069617939962447,110.53121646961745,0.5295424617311576,108.56111716014132,0.047217508679219825,43.980006516277214,4.410694388043709,0.958708510560326,0.5986472089240693,0.9419517623381866,0.6797911036240963,True,True,0.01675674822213946,-0.08114389470002703
194,3.0,2.999999999999999,15.485055725501503,134.60858473739071,0.43729628268162335,84.76524870152261,0.05314321180086935,51.1082312648724,4.496446837617812,0.9387756596940612,0.6656748219431199,0.938503295380851,0.699718227487511,True,True,0.00027236431321020493,-0.034043405544391114
194,4.19,4.190000000000003,15.485055725501503,134.60858473739071,0.43729628268162335,84.76524870152261,0.05314321180086935,51.1082312648724,4.496446837617812,0.9385616477708267,0.6407570084281403,0.938503295380851,0.699718227487511,True,True,5.8352389975757646e-05,-0.058961219059370684
194,6.0,6.000000000000003,15.485055725501503,134.60858473739071,0.43729628268162335,84.76524870152261,0.05314321180086935,51.1082312648724,4.496446837617812,0.9384234427618746,0.6147243179135846,0.938503295380851,0.699718227487511,False,True,-7.985261897636153e-05,-0.08499390957392639
194,10.0,9.999999999999998,15.485055725501503,134.60858473739071,0.43729628268162335,84.76524870152261,0.05314321180086935,51.1082312648724,4.496446837617812,0.9383774301008292,0.5888146566992035,0.938503295380851,0.699718227487511,False,True,-0.00012586528002178632,-0.11090357078830748
195,3.0,2.9999999999999996,14.464944401520123,110.97814167326156,0.5330437314986984,93.15363651555236,0.04818532946912593,55.541502180154815,4.27941233151264,0.9343451109694666,0.6447781906735248,0.9309004166848454,0.6766044518887943,True,True,0.0034446942846212414,-0.031826261215269436
195,4.19,4.19,14.464944401520123,110.97814167326156,0.5330437314986984,93.15363651555236,0.04818532946912593,55.541502180154815,4.27941233151264,0.936377342024696,0.6244098581794595,0.9309004166848454,0.6766044518887943,True,True,0.005476925339850669,-0.05219459370933477
195,6.0,5.999999999999997,14.464944401520123,110.97814167326156,0.5330437314986984,93.15363651555236,0.04818532946912593,55.541502180154815,4.27941233151264,0.9398634431027406,0.6092886749343233,0.9309004166848454,0.6766044518887943,True,True,0.008963026417895259,-0.067315776954471
195,10.0,9.999999999999998,14.464944401520123,110.97814167326156,0.5330437314986984,93.15363651555236,0.04818532946912593,55.541502180154815,4.27941233151264,0.9449976719175729,0.592567127450707,0.9309004166848454,0.6766044518887943,True,True,0.014097255232727535,-0.0840373244380872
196,3.0,3.0,16.88336089972681,64.39086724360686,0.4421593038758179,106.21688890242817,0.026556767384471547,59.33854361768286,3.129898246553979,0.9296270638207549,0.6828507010439265,0.9226810563858447,0.7100657657451607,True,True,0.00694600743491014,-0.027215064701234137
196,4.19,4.1899999999999995,16.88336089972681,64.39086724360686,0.4421593038758179,106.21688890242817,0.026556767384471547,59.33854361768286,3.129898246553979,0.9331494395043743,0.6665764583827319,0.9226810563858447,0.7100657657451607,True,True,0.0104683831185296,-0.04348930736242873
196,6.0,6.000000000000003,16.88336089972681,64.39086724360686,0.4421593038758179,106.21688890242817,0.026556767384471547,59.33854361768286,3.129898246553979,0.9378709190280292,0.6412299597618222,0.9226810563858447,0.7100657657451607,True,True,0.01518986264218447,-0.0688358059833385
196,10.0,9.999999999999996,16.88336089972681,64.39086724360686,0.4421593038758179,106.21688890242817,0.026556767384471547,59.33854361768286,3.129898246553979,0.9480852941337541,0.6109049868116241,0.9226810563858447,0.7100657657451607,True,True,0.025404237747909342,-0.09916077893353659
197,3.0,3.000000000000001,15.981787641130596,120.76675513781362,0.598216815160426,90.21012262313296,0.03045719079552539,51.3473126224723,2.7916990863691256,0.9381447809578126,0.6735758969641039,0.9328483976353948,0.7115009134563616,True,True,0.005296383322417775,-0.03792501649225766
197,4.19,4.190000000000003,15.981787641130596,120.76675513781362,0.598216815160426,90.21012262313296,0.03045719079552539,51.3473126224723,2.7916990863691256,0.9403605493799309,0.6519006730548084,0.9328483976353948,0.7115009134563616,True,True,0.007512151744536011,-0.059600240401553206
197,6.0,6.000000000000003,15.981787641130596,120.76675513781362,0.598216815160426,90.21012262313296,0.03045719079552539,51.3473126224723,2.7916990863691256,0.9432522783831592,0.6234626664552497,0.9328483976353948,0.7115009134563616,True,True,0.010403880747764327,-0.08803824700111185
197,10.0,10.000000000000005,15.981787641130596,120.76675513781362,0.598216815160426,90.21012262313296,0.03045719079552539,51.3473126224723,2.7916990863691256,0.9484023881882228,0.5986723943808706,0.9328483976353948,0.7115009134563616,True,True,0.015553990552827912,-0.11282851907549096
198,3.0,3.000000000000001,16.18432515605609,44.4974661184484,0.5091610469115636,96.74354157632645,0.040178770779647446,42.53276459694604,3.15808666080071,0.8444469869914504,0.5742852789419849,0.8303183331846098,0.6080067306447032,True,True,0.014128653806840585,-0.03372145170271834
198,4.19,4.19,16.18432515605609,44.4974661184484,0.5091610469115636,96.74354157632645,0.040178770779647446,42.53276459694604,3.15808666080071,0.8541429627478833,0.5617972683269103,0.8303183331846098,0.6080067306447032,True,True,0.02382462956327347,-0.04620946231779288
198,6.0,5.999999999999999,16.18432515605609,44.4974661184484,0.5091610469115636,96.74354157632645,0.040178770779647446,42.53276459694604,3.15808666080071,0.8706867889730231,0.5570158954934755,0.8303183331846098,0.6080067306447032,True,True,0.040368455788413304,-0.05099083515122771
198,10.0,10.000000000000005,16.18432515605609,44.4974661184484,0.5091610469115636,96.74354157632645,0.040178770779647446,42.53276459694604,3.15808666080071,0.9006824936025073,0.5620173047813734,0.8303183331846098,0.6080067306447032,True,True,0.0703641604178975,-0.04598942586332988
199,3.0,3.0000000000000013,14.64055514019999,160.9005880796704,0.19427969569855869,108.00678213647998,0.044995763259726,57.5655462552445,4.288009073806271,0.9660382639224319,0.6840855386206707,0.9674061102629824,0.7195034503033739,False,True,-0.0013678463405505381,-0.03541791168270325
199,4.19,4.19,14.64055514019999,160.9005880796704,0.19427969569855869,108.00678213647998,0.044995763259726,57.5655462552445,4.288009073806271,0.9650872133110924,0.6596941403594313,0.9674061102629824,0.7195034503033739,False,True,-0.002318896951890026,-0.05980930994394262
199,6.0,5.999999999999997,14.64055514019999,160.9005880796704,0.19427969569855869,108.00678213647998,0.044995763259726,57.5655462552445,4.288009073806271,0.9640757429331227,0.63389728217325,0.9674061102629824,0.7195034503033739,False,True,-0.003330367329859696,-0.0856061681301239
199,10.0,9.999999999999998,14.64055514019999,160.9005880796704,0.19427969569855869,108.00678213647998,0.044995763259726,57.5655462552445,4.288009073806271,0.9629893406918606,0.6063384793411722,0.9674061102629824,0.7195034503033739,False,True,-0.004416769571121804,-0.11316497096220168
